Proportions,Returns,Profits,Accuracy,Precision,Best_Params,Deployed_Capital,Returned_Capital,36 Month Returns,36 Month Deployed Capital,36 Month Returned Capital,60 Month Returns,60 Month Deployed Capital,60 Month Returned Capital,model
0.025,-16.0,-9492.710000000006,0.197475271803168,0.6666666666666666,"{'learning_rate': 0.1, 'max_features': 'auto', 'n_estimators': 25}",59450.0,49957.28999999999,-15.97,59450.0,49957.28999999999,,0.0,0.0,GradientBoostingClassifier
0.030000000000000002,19.0,6856.077000000005,0.19748164094594509,1.0,"{'learning_rate': 0.1, 'max_features': 'auto', 'n_estimators': 25}",36000.0,42856.077000000005,19.04,36000.0,42856.077000000005,,0.0,0.0,GradientBoostingClassifier
0.035,-9.2,-7378.237999999998,0.19746253351761386,0.4,"{'learning_rate': 0.1, 'max_features': 'auto', 'n_estimators': 25}",80525.0,73146.762,20.22,24800.0,29813.386000000002,-22.24,55725.0,43333.376,GradientBoostingClassifier
0.04000000000000001,20.2,5013.386000000002,0.19746890266039094,0.5,"{'learning_rate': 0.1, 'max_features': 'auto', 'n_estimators': 25}",24800.0,29813.386000000002,20.22,24800.0,29813.386000000002,,0.0,0.0,GradientBoostingClassifier
0.045000000000000005,20.2,5013.386000000002,0.19746890266039094,0.5,"{'learning_rate': 0.1, 'max_features': 'auto', 'n_estimators': 25}",24800.0,29813.386000000002,20.22,24800.0,29813.386000000002,,0.0,0.0,GradientBoostingClassifier
0.05,,0.0,0.19746890266039094,0.0,"{'learning_rate': 0.1, 'max_features': 'auto', 'n_estimators': 25}",0.0,0.0,,0.0,0.0,,0.0,0.0,GradientBoostingClassifier
0.05500000000000001,10.1,26232.659999999974,0.19761539294426364,1.0,"{'learning_rate': 0.1, 'max_features': 'auto', 'n_estimators': 50}",258800.0,285032.66,7.58,235675.0,253547.004,36.15,23125.0,31485.656,GradientBoostingClassifier
0.060000000000000005,6.9,163726.9700000002,0.19864719407414955,0.9894179894179894,"{'learning_rate': 0.1, 'max_features': 'auto', 'n_estimators': 75}",2368575.0,2532301.97,6.27,2185950.0,2323064.236,14.57,182625.0,209237.734,GradientBoostingClassifier
0.065,5.4,214534.84400000283,0.19948155177794621,0.9846625766871165,"{'learning_rate': 0.1, 'max_features': 'auto', 'n_estimators': 75}",3941050.0,4155584.844000003,5.3,3827050.0,4029987.4910000027,10.17,114000.0,125597.353,GradientBoostingClassifier
0.07,5.2,71873.76399999973,0.19825230722197099,0.9694656488549618,"{'learning_rate': 0.1, 'max_features': 'auto', 'n_estimators': 50}",1391775.0,1463648.7639999997,5.21,1324775.0,1393801.1619999998,4.25,67000.0,69847.602,GradientBoostingClassifier
0.07500000000000001,5.5,311528.4859999949,0.20039233919506774,0.9791231732776617,"{'learning_rate': 0.1, 'max_features': 'auto', 'n_estimators': 75}",5693975.0,6005503.485999995,5.29,5553975.0,5847571.060999995,12.81,140000.0,157932.42500000002,GradientBoostingClassifier
0.08000000000000002,6.3,457962.2869999977,0.20127765004108097,0.9838187702265372,"{'learning_rate': 0.1, 'max_features': 'auto', 'n_estimators': 75}",7282425.0,7740387.286999998,6.11,7095425.0,7529049.331999998,13.01,187000.0,211337.955,GradientBoostingClassifier
0.08500000000000002,5.6,490098.9629999958,0.20218206831542543,0.9830287206266318,"{'learning_rate': 0.1, 'max_features': 'auto', 'n_estimators': 75}",8719050.0,9209148.962999996,5.49,8560050.0,9030254.000999996,12.51,159000.0,178894.962,GradientBoostingClassifier
0.09000000000000002,6.0,553236.1869999971,0.20254510945371862,0.9842041312272175,"{'learning_rate': 0.1, 'max_features': 'auto', 'n_estimators': 75}",9238350.0,9791586.186999997,5.88,8971850.0,9499060.522999996,9.77,266500.0,292525.664,GradientBoostingClassifier
0.095,5.2,654696.8600000218,0.20413739514798704,0.9780821917808219,"{'learning_rate': 0.1, 'max_features': 'auto', 'n_estimators': 75}",12488450.0,13143146.860000022,5.1,12173450.0,12794758.851000022,10.6,315000.0,348388.00899999996,GradientBoostingClassifier
0.1,5.8,1005724.2820000313,0.20686338825657455,0.9810828440965427,"{'learning_rate': 0.1, 'max_features': 'auto', 'n_estimators': 75}",17407025.0,18412749.28200003,5.68,16989525.0,17954379.80600003,9.79,417500.0,458369.476,GradientBoostingClassifier
0.10500000000000001,5.8,1105869.4800000414,0.20761494710426923,0.9830200121285627,"{'learning_rate': 0.1, 'max_features': 'auto', 'n_estimators': 75}",18931900.0,20037769.48000004,5.72,18488900.0,19546062.27200004,10.99,443000.0,491707.20800000004,GradientBoostingClassifier
0.11000000000000001,5.5,735996.4200000111,0.20479978599680268,0.9783873649210307,"{'learning_rate': 0.1, 'max_features': 'auto', 'n_estimators': 50}",13285250.0,14021246.420000011,5.41,12841250.0,13536272.80500001,9.23,444000.0,484973.615,GradientBoostingClassifier
0.11500000000000002,5.6,1032226.6520000324,0.20760857796149215,0.9812575574365175,"{'learning_rate': 0.1, 'max_features': 'auto', 'n_estimators': 50}",18366200.0,19398426.652000032,5.46,17741400.0,18710885.64200003,10.04,624800.0,687541.01,GradientBoostingClassifier
0.12000000000000002,5.6,1605179.3680000007,0.21279942932480717,0.9789096697174692,"{'learning_rate': 0.1, 'max_features': 'auto', 'n_estimators': 75}",28593850.0,30199029.368,5.48,27864075.0,29390018.574,10.86,729775.0,809010.7940000001,GradientBoostingClassifier
0.12500000000000003,5.8,1787578.858999975,0.21365289445693503,0.9799773328296184,"{'learning_rate': 0.1, 'max_features': 'auto', 'n_estimators': 75}",30652975.0,32440553.858999975,5.65,29676100.0,31352544.254999977,11.38,976875.0,1088009.604,GradientBoostingClassifier
0.13000000000000003,5.6,1925246.4520000592,0.21567828186004445,0.9782535965205754,"{'learning_rate': 0.1, 'max_features': 'auto', 'n_estimators': 75}",34396175.0,36321421.45200006,5.45,33471375.0,35297204.80500006,10.75,924800.0,1024216.6469999999,GradientBoostingClassifier
0.135,5.9,2383770.683999948,0.21828326125586758,0.9783372365339579,"{'learning_rate': 0.1, 'max_features': 'auto', 'n_estimators': 75}",40473700.0,42857470.68399995,5.76,39405900.0,41674805.432999946,10.76,1067800.0,1182665.2510000002,GradientBoostingClassifier
0.14,5.7,2481265.186999902,0.2195061366690657,0.9760594386351128,"{'learning_rate': 0.1, 'max_features': 'auto', 'n_estimators': 75}",43479250.0,45960515.1869999,5.56,42142325.0,44487543.2049999,10.18,1336925.0,1472971.982,GradientBoostingClassifier
0.14500000000000002,5.8,2941791.0199998543,0.22286267491258352,0.9763440860215054,"{'learning_rate': 0.1, 'max_features': 'auto', 'n_estimators': 75}",50440575.0,53382366.019999854,5.7,48972925.0,51762916.35699985,10.34,1467650.0,1619449.663,GradientBoostingClassifier
0.15000000000000002,5.9,3220331.7639998794,0.2246778806040495,0.9759358288770054,"{'learning_rate': 0.1, 'max_features': 'auto', 'n_estimators': 75}",54309550.0,57529881.76399988,5.79,52814825.0,55872425.24999988,10.89,1494725.0,1657456.5140000002,GradientBoostingClassifier
0.15500000000000003,5.9,3410144.922999896,0.2266332074366111,0.9743111663559146,"{'learning_rate': 0.1, 'max_features': 'auto', 'n_estimators': 75}",57962425.0,61372569.922999896,5.74,56242400.0,59468028.0039999,10.73,1720025.0,1904541.9189999998,GradientBoostingClassifier
0.16000000000000003,6.1,3667522.1859999,0.22763953199538875,0.9751253761283851,"{'learning_rate': 0.1, 'max_features': 'auto', 'n_estimators': 75}",60354975.0,64022497.1859999,5.96,58628500.0,62120427.5459999,10.17,1726475.0,1902069.6400000001,GradientBoostingClassifier
0.165,6.0,4052299.969999939,0.23039737081786163,0.9720598977355734,"{'learning_rate': 0.1, 'max_features': 'auto', 'n_estimators': 75}",67386475.0,71438774.96999994,5.9,65678175.0,69552399.20899995,10.42,1708300.0,1886375.761,GradientBoostingClassifier
0.17,6.1,4222895.067999974,0.23172852165827001,0.9730870712401055,"{'learning_rate': 0.1, 'max_features': 'auto', 'n_estimators': 75}",69651450.0,73874345.06799997,5.95,67585225.0,71609722.89199997,9.6,2066225.0,2264622.176,GradientBoostingClassifier
0.17500000000000002,6.1,4581161.289999664,0.2339067684880292,0.9716405605935696,"{'learning_rate': 0.1, 'max_features': 'auto', 'n_estimators': 75}",75180225.0,79761386.28999966,5.96,72879425.0,77223870.00399967,10.29,2300800.0,2537516.286000001,GradientBoostingClassifier
0.18000000000000002,6.2,5038110.818999782,0.23625698217276936,0.9725325884543762,"{'learning_rate': 0.1, 'max_features': 'auto', 'n_estimators': 75}",81061350.0,86099460.81899978,6.06,78241325.0,82979325.38999978,10.64,2820025.0,3120135.4290000037,GradientBoostingClassifier
0.18500000000000003,6.2,5193963.107999817,0.23807218786423534,0.971733017611366,"{'learning_rate': 0.1, 'max_features': 'auto', 'n_estimators': 75}",84145475.0,89339438.10799982,6.04,81332650.0,86241594.12399982,10.13,2812825.0,3097843.984000002,GradientBoostingClassifier
0.19000000000000003,6.2,5559611.259999782,0.2404988312623004,0.9706046252438005,"{'learning_rate': 0.1, 'max_features': 'auto', 'n_estimators': 75}",90045600.0,95605211.25999978,6.04,87111500.0,92369939.84299977,10.26,2934100.0,3235271.417000003,GradientBoostingClassifier
0.19500000000000003,6.2,6052979.451999798,0.2434732209391938,0.9694527492525673,"{'learning_rate': 0.1, 'max_features': 'auto', 'n_estimators': 75}",97832750.0,103885729.4519998,6.06,94547225.0,100275998.1049998,9.87,3285525.0,3609731.347000003,GradientBoostingClassifier
0.20000000000000004,6.1,6032597.756999791,0.2440528129319075,0.9688461538461538,"{'learning_rate': 0.1, 'max_features': 'auto', 'n_estimators': 75}",98628675.0,104661272.75699979,5.98,95788800.0,101519548.54199979,10.63,2839875.0,3141724.2150000026,GradientBoostingClassifier
0.20500000000000004,6.1,6453709.342999905,0.24695714203825306,0.9679595278246206,"{'learning_rate': 0.1, 'max_features': 'auto', 'n_estimators': 75}",105199375.0,111653084.3429999,6.01,102033300.0,108167065.6339999,10.11,3166075.0,3486018.7090000035,GradientBoostingClassifier
0.21000000000000002,6.3,7060588.748999745,0.2493392014368786,0.9672940096396603,"{'learning_rate': 0.1, 'max_features': 'auto', 'n_estimators': 75}",112535900.0,119596488.74899974,6.16,109186825.0,115910031.49099974,10.07,3349075.0,3686457.258000003,GradientBoostingClassifier
0.21500000000000002,6.2,7633733.1309996545,0.25316705624589986,0.9656053668405921,"{'learning_rate': 0.1, 'max_features': 'auto', 'n_estimators': 75}",122312750.0,129946483.13099965,6.11,118422050.0,125663190.16399965,10.09,3890700.0,4283292.967000005,GradientBoostingClassifier
0.22000000000000003,6.3,7804962.756999686,0.2545873750851873,0.9665972944849115,"{'learning_rate': 0.1, 'max_features': 'auto', 'n_estimators': 75}",124761650.0,132566612.75699969,6.14,120497375.0,127895583.94099969,9.54,4264275.0,4671028.816000003,GradientBoostingClassifier
0.22500000000000003,6.3,8484314.765999258,0.258714579604731,0.9653503677893922,"{'learning_rate': 0.1, 'max_features': 'auto', 'n_estimators': 75}",135101575.0,143585889.76599926,6.15,130797975.0,138843120.55099925,10.2,4303600.0,4742769.215000003,GradientBoostingClassifier
0.23000000000000004,6.3,8750782.594999284,0.26010305273013307,0.9654486936766377,"{'learning_rate': 0.1, 'max_features': 'auto', 'n_estimators': 75}",138268475.0,147019257.59499928,6.22,133563475.0,141867488.64399928,9.5,4705000.0,5151768.951000004,GradientBoostingClassifier
0.23500000000000004,6.3,9006838.79499957,0.2621793932754591,0.9636728733114275,"{'learning_rate': 0.1, 'max_features': 'auto', 'n_estimators': 75}",143595375.0,152602213.79499957,6.18,138603525.0,147170068.71399957,8.82,4991850.0,5432145.081000002,GradientBoostingClassifier
0.24000000000000005,6.3,9834245.555999666,0.2668161292171687,0.9628464546845774,"{'learning_rate': 0.1, 'max_features': 'auto', 'n_estimators': 75}",155130425.0,164964670.55599967,6.25,149730450.0,159083172.76499966,8.92,5399975.0,5881497.791000002,GradientBoostingClassifier
0.24500000000000002,6.3,10002460.847000003,0.26831287776978097,0.9623410092276997,"{'learning_rate': 0.1, 'max_features': 'auto', 'n_estimators': 75}",158339325.0,168341785.847,6.2,152723300.0,162197569.37,9.41,5616025.0,6144216.476999999,GradientBoostingClassifier
0.25000000000000006,6.3,10727008.049000084,0.2724910354315413,0.9602250527467375,"{'learning_rate': 0.1, 'max_features': 'auto', 'n_estimators': 75}",169457950.0,180184958.04900008,6.22,163262125.0,173418471.2150001,9.21,6195825.0,6766486.834,GradientBoostingClassifier
0.25500000000000006,6.3,10908658.38899979,0.2740578445547014,0.9615414139863361,"{'learning_rate': 0.1, 'max_features': 'auto', 'n_estimators': 75}",171984500.0,182893158.3889998,6.24,166036750.0,176400250.27599978,9.17,5947750.0,6492908.113000001,GradientBoostingClassifier
0.26000000000000006,6.3,11492291.575999677,0.27779016222206654,0.9590157967532941,"{'learning_rate': 0.1, 'max_features': 'auto', 'n_estimators': 75}",182795775.0,194288066.57599968,6.19,176360125.0,187280921.82899967,8.88,6435650.0,7007144.746999998,GradientBoostingClassifier
0.26500000000000007,6.3,11766237.741999447,0.27940155534466615,0.959035112760491,"{'learning_rate': 0.1, 'max_features': 'auto', 'n_estimators': 75}",185461950.0,197228187.74199945,6.23,178326100.0,189431260.89399946,9.26,7135850.0,7796926.8479999965,GradientBoostingClassifier
0.2700000000000001,6.3,12323972.617999583,0.28247148216321566,0.9584363836218741,"{'learning_rate': 0.1, 'max_features': 'auto', 'n_estimators': 75}",194211225.0,206535197.61799958,6.22,186625650.0,198236299.58399957,9.4,7585575.0,8298898.033999997,GradientBoostingClassifier
0.2750000000000001,6.3,12588045.537999094,0.28468157470686023,0.9569512113728893,"{'learning_rate': 0.1, 'max_features': 'auto', 'n_estimators': 75}",198899525.0,211487570.5379991,6.21,191505625.0,203407199.4239991,9.28,7393900.0,8080371.113999996,GradientBoostingClassifier
0.2800000000000001,6.3,12910035.67799905,0.287605011241537,0.9566339700567889,"{'learning_rate': 0.1, 'max_features': 'auto', 'n_estimators': 75}",205524325.0,218434360.67799905,6.19,197593300.0,209817374.07999906,8.65,7931025.0,8616986.598,GradientBoostingClassifier
0.2850000000000001,6.3,13404068.782998353,0.29056029349009915,0.9549302788844621,"{'learning_rate': 0.1, 'max_features': 'auto', 'n_estimators': 75}",212942425.0,226346493.78299835,6.2,204772775.0,217471303.92799836,8.64,8169650.0,8875189.854999993,GradientBoostingClassifier
0.2900000000000001,6.4,14268163.27699843,0.2939868923041648,0.9553485576923076,"{'learning_rate': 0.1, 'max_features': 'auto', 'n_estimators': 75}",222970175.0,237238338.27699843,6.3,214256175.0,227764714.84899843,8.72,8714000.0,9473623.427999998,GradientBoostingClassifier
0.2950000000000001,6.3,14363677.031998932,0.29672562369830646,0.9543970142290646,"{'learning_rate': 0.1, 'max_features': 'auto', 'n_estimators': 75}",227796375.0,242160052.03199893,6.19,219075700.0,232646200.33799893,9.1,8720675.0,9513851.693999996,GradientBoostingClassifier
0.3000000000000001,6.4,14942960.136998922,0.29923506595247346,0.9540236417367584,"{'learning_rate': 0.1, 'max_features': 'auto', 'n_estimators': 75}",234644250.0,249587210.13699892,6.25,225211725.0,239288478.49999893,9.18,9432525.0,10298731.63699999,GradientBoostingClassifier
0.30500000000000005,6.3,15514404.538998902,0.3029737527626157,0.9528183259526544,"{'learning_rate': 0.1, 'max_features': 'auto', 'n_estimators': 75}",245168900.0,260683304.5389989,6.23,234912800.0,249554872.2249989,8.51,10256100.0,11128432.314,GradientBoostingClassifier
0.31000000000000005,6.4,15760645.437998772,0.3039800773213933,0.9531732697414774,"{'learning_rate': 0.1, 'max_features': 'auto', 'n_estimators': 75}",247721025.0,263481670.43799877,6.26,237389950.0,252252011.34599876,8.7,10331075.0,11229659.091999995,GradientBoostingClassifier
0.31500000000000006,6.4,16357905.358999252,0.3077506098454209,0.9522540876560622,"{'learning_rate': 0.1, 'max_features': 'auto', 'n_estimators': 75}",257057750.0,273415655.35899925,6.25,246295225.0,261695014.44199926,8.9,10762525.0,11720640.916999992,GradientBoostingClassifier
0.32000000000000006,6.4,16721345.944999456,0.30962950696465763,0.9528389220325036,"{'learning_rate': 0.1, 'max_features': 'auto', 'n_estimators': 75}",259714075.0,276435420.94499946,6.3,248314125.0,263959104.3149995,9.44,11399950.0,12476316.629999995,GradientBoostingClassifier
0.32500000000000007,6.4,17135955.812998712,0.31247651378600955,0.9518994944691926,"{'learning_rate': 0.1, 'max_features': 'auto', 'n_estimators': 75}",268731375.0,285867330.8129987,6.29,257061000.0,273220123.0949987,8.37,11670375.0,12647207.71799999,GradientBoostingClassifier
0.33000000000000007,6.4,17717373.712999642,0.3153362588929156,0.9514979994144628,"{'learning_rate': 0.1, 'max_features': 'auto', 'n_estimators': 75}",274691625.0,292408998.71299964,6.33,262794200.0,279427356.3079997,9.11,11897425.0,12981642.404999983,GradientBoostingClassifier
0.3350000000000001,6.4,18141106.92199987,0.31853356856700654,0.9500852434173139,"{'learning_rate': 0.1, 'max_features': 'auto', 'n_estimators': 75}",283940225.0,302081331.9219999,6.3,272105625.0,289236300.8929999,8.54,11834600.0,12845031.02899999,GradientBoostingClassifier
0.3400000000000001,6.5,18771657.11799991,0.3214888508155687,0.9506155697491437,"{'learning_rate': 0.1, 'max_features': 'auto', 'n_estimators': 75}",289337225.0,308108882.1179999,6.39,276306600.0,293954359.2889999,8.63,13030625.0,14154522.82899999,GradientBoostingClassifier
0.3450000000000001,6.5,19381408.67900014,0.32527212162515046,0.9495474504883951,"{'learning_rate': 0.1, 'max_features': 'auto', 'n_estimators': 75}",300364600.0,319746008.67900014,6.37,286715675.0,304987239.93200016,8.13,13648925.0,14758768.746999992,GradientBoostingClassifier
0.3500000000000001,6.5,19878883.014,0.3283293101581458,0.9494662233111656,"{'learning_rate': 0.1, 'max_features': 'auto', 'n_estimators': 75}",305668775.0,325547658.014,6.39,291458625.0,310071926.475,8.91,14210150.0,15475731.538999984,GradientBoostingClassifier
0.3550000000000001,6.6,20545442.490000367,0.3309916118389626,0.9495625321667525,"{'learning_rate': 0.1, 'max_features': 'auto', 'n_estimators': 75}",312284975.0,332830417.49000037,6.46,297475700.0,316702532.1320004,8.9,14809275.0,16127885.35799999,GradientBoostingClassifier
0.3600000000000001,6.5,20843837.60700041,0.33409975351417454,0.9480367585630743,"{'learning_rate': 0.1, 'max_features': 'auto', 'n_estimators': 75}",321448250.0,342292087.6070004,6.37,305735875.0,325214298.5280004,8.69,15712375.0,17077789.07899999,GradientBoostingClassifier
0.3650000000000001,6.5,21366275.25000024,0.33759004375601087,0.9475911458333334,"{'learning_rate': 0.1, 'max_features': 'auto', 'n_estimators': 75}",329793875.0,351160150.25000024,6.41,313468625.0,333550902.59600025,7.87,16325250.0,17609247.65399999,GradientBoostingClassifier
0.3700000000000001,6.5,21549746.850000978,0.3380040380365207,0.9477293940992655,"{'learning_rate': 0.1, 'max_features': 'auto', 'n_estimators': 75}",329725550.0,351275296.850001,6.42,313005400.0,333087887.66100097,8.78,16720150.0,18187409.18900001,GradientBoostingClassifier
0.3750000000000001,6.5,22578385.11700034,0.34381906539198887,0.9474258119791261,"{'learning_rate': 0.1, 'max_features': 'auto', 'n_estimators': 75}",344720075.0,367298460.11700034,6.45,327358575.0,348482513.2340003,8.38,17361500.0,18815946.883,GradientBoostingClassifier
0.3800000000000001,6.5,22789730.428999484,0.34602915793563344,0.9463773108278792,"{'learning_rate': 0.1, 'max_features': 'auto', 'n_estimators': 75}",351456300.0,374246030.4289995,6.38,333329550.0,354582356.4969995,8.48,18126750.0,19663673.932000007,GradientBoostingClassifier
0.3850000000000001,6.5,23226737.985999346,0.34844943219092145,0.9455659561670614,"{'learning_rate': 0.1, 'max_features': 'auto', 'n_estimators': 75}",358323450.0,381550187.98599935,6.37,340227925.0,361894292.12999934,8.62,18095525.0,19655895.85600001,GradientBoostingClassifier
0.39000000000000007,6.5,23606503.9169994,0.35046845045125374,0.9451816160118607,"{'learning_rate': 0.1, 'max_features': 'auto', 'n_estimators': 75}",362514125.0,386120628.9169994,6.4,343927300.0,365942223.5979994,8.56,18586825.0,20178405.318999995,GradientBoostingClassifier
0.3950000000000001,6.5,24271428.0239985,0.3537995121236633,0.9448008408539016,"{'learning_rate': 0.1, 'max_features': 'auto', 'n_estimators': 75}",370617025.0,394888453.0239985,6.42,351416725.0,373983436.6039985,8.88,19200300.0,20905016.420000013,GradientBoostingClassifier
0.4000000000000001,6.6,24676377.704998672,0.3552835223907214,0.9440183499390725,"{'learning_rate': 0.1, 'max_features': 'auto', 'n_estimators': 75}",373653025.0,398329402.7049987,6.46,354657650.0,377580738.32799864,9.23,18995375.0,20748664.377000008,GradientBoostingClassifier
0.4050000000000001,6.5,25254055.102998435,0.360092225187412,0.9432658588243463,"{'learning_rate': 0.1, 'max_features': 'auto', 'n_estimators': 75}",386409875.0,411663930.10299844,6.43,367192675.0,390812353.9569984,8.5,19217200.0,20851576.146000013,GradientBoostingClassifier
0.4100000000000001,6.6,25911651.297998607,0.3618373703083302,0.9434954459529129,"{'learning_rate': 0.1, 'max_features': 'auto', 'n_estimators': 75}",389979650.0,415891301.2979986,6.49,369356650.0,393334468.6969986,9.38,20623000.0,22556832.601000015,GradientBoostingClassifier
0.4150000000000001,6.6,26603393.659000397,0.3662894011095047,0.9417077722970271,"{'learning_rate': 0.1, 'max_features': 'auto', 'n_estimators': 75}",401122600.0,427725993.6590004,6.5,378614350.0,403216971.1640004,8.89,22508250.0,24509022.49500002,GradientBoostingClassifier
0.4200000000000001,6.6,27018056.104001284,0.3674167393810467,0.9414353307084009,"{'learning_rate': 0.1, 'max_features': 'auto', 'n_estimators': 75}",406512150.0,433530206.1040013,6.5,384436300.0,409412071.3350013,9.25,22075850.0,24118134.769000005,GradientBoostingClassifier
0.4250000000000001,6.6,27517903.07800001,0.37127007076117624,0.9407546194598785,"{'learning_rate': 0.1, 'max_features': 'auto', 'n_estimators': 75}",414761250.0,442279153.078,6.49,391378800.0,416765991.036,9.11,23382450.0,25513162.042000018,GradientBoostingClassifier
0.4300000000000001,6.7,28007872.981999815,0.37253116103103684,0.9400294569672131,"{'learning_rate': 0.1, 'max_features': 'auto', 'n_estimators': 75}",419478325.0,447486197.9819998,6.5,395616925.0,421317982.41599977,9.67,23861400.0,26168215.56600002,GradientBoostingClassifier
0.4350000000000001,6.6,28316302.076000273,0.3763271701261727,0.9397156457472128,"{'learning_rate': 0.1, 'max_features': 'auto', 'n_estimators': 75}",427198025.0,455514327.0760003,6.49,402488800.0,428592952.7890003,8.95,24709225.0,26921374.287000023,GradientBoostingClassifier
0.4400000000000001,6.7,29079812.1230011,0.38016776322074813,0.9388635598665892,"{'learning_rate': 0.1, 'max_features': 'auto', 'n_estimators': 75}",434805000.0,463884812.1230011,6.5,409173575.0,435785045.14100105,9.63,25631425.0,28099766.982000023,GradientBoostingClassifier
0.4450000000000001,6.7,29611515.77999997,0.3828491723298961,0.9379739978331527,"{'learning_rate': 0.1, 'max_features': 'auto', 'n_estimators': 75}",443712050.0,473323565.78,6.5,417923800.0,445079476.40699995,9.52,25788250.0,28244089.37300001,GradientBoostingClassifier
0.4500000000000001,6.7,30295373.203000784,0.3861547574311973,0.9379416373473671,"{'learning_rate': 0.1, 'max_features': 'auto', 'n_estimators': 75}",451636925.0,481932298.2030008,6.55,424949375.0,452769513.91000074,9.27,26687550.0,29162784.293000035,GradientBoostingClassifier
0.4550000000000001,6.7,30958408.130000114,0.3900972568102059,0.9365473441108545,"{'learning_rate': 0.1, 'max_features': 'auto', 'n_estimators': 75}",462441875.0,493400283.1300001,6.54,434125000.0,462508439.4410001,9.09,28316875.0,30891843.689000025,GradientBoostingClassifier
0.46000000000000013,6.7,31444616.42500007,0.39303343163043686,0.9362869078405184,"{'learning_rate': 0.1, 'max_features': 'auto', 'n_estimators': 75}",469400025.0,500844641.4250001,6.51,439945475.0,468593771.8680001,9.49,29454550.0,32250869.557000004,GradientBoostingClassifier
0.4650000000000001,6.7,31914079.457999945,0.39544096760017067,0.9360567885300637,"{'learning_rate': 0.1, 'max_features': 'auto', 'n_estimators': 75}",473252650.0,505166729.45799994,6.58,444226575.0,473440365.7979999,9.3,29026075.0,31726363.66000002,GradientBoostingClassifier
0.4700000000000001,6.7,32882375.78300059,0.39999490468577836,0.9348503911164597,"{'learning_rate': 0.1, 'max_features': 'auto', 'n_estimators': 75}",487850625.0,520733000.7830006,6.54,455428400.0,485234875.7840006,9.49,32422225.0,35498124.99899998,GradientBoostingClassifier
0.4750000000000001,6.7,33126513.804000497,0.4017527880922507,0.9346306032847309,"{'learning_rate': 0.1, 'max_features': 'auto', 'n_estimators': 75}",491081475.0,524207988.8040005,6.57,459017000.0,489185478.01100045,9.23,32064475.0,35022510.79300002,GradientBoostingClassifier
0.4800000000000001,6.7,33237663.58899963,0.4029884017910029,0.9340597255851493,"{'learning_rate': 0.1, 'max_features': 'auto', 'n_estimators': 75}",495595125.0,528832788.5889996,6.54,461365525.0,491534517.7339997,8.96,34229600.0,37298270.85499993,GradientBoostingClassifier
0.4850000000000001,6.8,34398115.99799991,0.4079690714426745,0.9337270341207349,"{'learning_rate': 0.1, 'max_features': 'auto', 'n_estimators': 75}",507500675.0,541898790.9979999,6.59,473368925.0,504549937.031,9.43,34131750.0,37348853.96699993,GradientBoostingClassifier
0.4900000000000001,6.8,34933472.21600032,0.4110262599756699,0.9328909316256971,"{'learning_rate': 0.1, 'max_features': 'auto', 'n_estimators': 75}",514818500.0,549751972.2160003,6.57,479105075.0,510594679.7020004,9.64,35713425.0,39157292.51399997,GradientBoostingClassifier
0.4950000000000001,6.7,35229796.390001535,0.4143318450769711,0.932368253968254,"{'learning_rate': 0.1, 'max_features': 'auto', 'n_estimators': 75}",523356250.0,558586046.3900015,6.57,487361125.0,519364759.4000016,8.96,35995125.0,39221286.98999996,GradientBoostingClassifier
0.5000000000000001,6.8,36176118.99100077,0.4174654633232913,0.931169641742604,"{'learning_rate': 0.1, 'max_features': 'auto', 'n_estimators': 75}",531882100.0,568058218.9910008,6.6,495561600.0,528280858.4680008,9.52,36320500.0,39777360.52299999,GradientBoostingClassifier
0.5050000000000001,6.7,36484903.649000406,0.42151623812951017,0.9308055943370809,"{'learning_rate': 0.1, 'max_features': 'auto', 'n_estimators': 75}",540537000.0,577021903.6490004,6.62,503429225.0,536763361.6540004,8.49,37107775.0,40258541.99499997,GradientBoostingClassifier
0.5100000000000001,6.8,37545923.27799952,0.424095740954225,0.9307331009103235,"{'learning_rate': 0.1, 'max_features': 'auto', 'n_estimators': 75}",550117175.0,587663098.2779995,6.65,509520050.0,543402389.9899995,9.02,40597125.0,44260708.288,GradientBoostingClassifier
0.5150000000000001,6.8,38008507.917003036,0.4274204334838574,0.9297890576639207,"{'learning_rate': 0.1, 'max_features': 'auto', 'n_estimators': 75}",557788175.0,595796682.917003,6.63,516964375.0,551237598.005003,9.15,40823800.0,44559084.91200001,GradientBoostingClassifier
0.5200000000000001,6.8,38147055.23700118,0.4287515843242658,0.9298108562365363,"{'learning_rate': 0.1, 'max_features': 'auto', 'n_estimators': 75}",561516700.0,599663755.2370012,6.61,520827075.0,555247629.5700011,9.16,40689625.0,44416125.667,GradientBoostingClassifier
0.5250000000000001,6.8,38857647.778999925,0.43180877285726116,0.92951367000537,"{'learning_rate': 0.1, 'max_features': 'auto', 'n_estimators': 75}",568391075.0,607248722.7789999,6.65,525471975.0,560396043.6729999,9.17,42919100.0,46852679.10600004,GradientBoostingClassifier
0.5300000000000001,6.8,39886839.730998755,0.43701873164890737,0.9276601550951721,"{'learning_rate': 0.1, 'max_features': 'auto', 'n_estimators': 75}",583577450.0,623464289.7309988,6.65,539997275.0,575886190.6019988,9.17,43580175.0,47578099.12899999,GradientBoostingClassifier
0.5350000000000001,6.9,40353958.75199795,0.4390695956231251,0.9283600966641823,"{'learning_rate': 0.1, 'max_features': 'auto', 'n_estimators': 75}",585947875.0,626301833.751998,6.69,540408925.0,576558520.3429979,9.23,45538950.0,49743313.408999994,GradientBoostingClassifier
0.5400000000000001,6.8,40630843.79899657,0.44088480131459107,0.9272458972409784,"{'learning_rate': 0.1, 'max_features': 'auto', 'n_estimators': 75}",594003075.0,634633918.7989966,6.65,546393900.0,582729526.9229966,9.02,47609175.0,51904391.87599998,GradientBoostingClassifier
0.5450000000000002,6.8,41239232.18899822,0.4459546389651417,0.926718291989325,"{'learning_rate': 0.1, 'max_features': 'auto', 'n_estimators': 75}",604647625.0,645886857.1889982,6.67,556773350.0,593888292.1009983,8.61,47874275.0,51998565.08799996,GradientBoostingClassifier
0.5500000000000002,6.8,41601267.011998415,0.4473240046622125,0.9262076008778601,"{'learning_rate': 0.1, 'max_features': 'auto', 'n_estimators': 75}",607378900.0,648980167.0119984,6.66,558769575.0,596005815.5579984,8.98,48609325.0,52974351.45399994,GradientBoostingClassifier
0.5550000000000002,6.9,42587550.513998866,0.4514639474673104,0.9257574787009161,"{'learning_rate': 0.1, 'max_features': 'auto', 'n_estimators': 75}",618886775.0,661474325.5139989,6.68,568882675.0,606901233.908999,9.14,50004100.0,54573091.60499995,GradientBoostingClassifier
0.5600000000000002,6.9,42904108.83499932,0.4525275943110817,0.9256952121779063,"{'learning_rate': 0.1, 'max_features': 'auto', 'n_estimators': 75}",622154225.0,665058333.8349993,6.66,570222375.0,608180337.1679995,9.52,51931850.0,56877996.66699985,GradientBoostingClassifier
0.5650000000000002,6.9,43933292.70999861,0.4578585668154923,0.9243528263893214,"{'learning_rate': 0.1, 'max_features': 'auto', 'n_estimators': 75}",634818500.0,678751792.7099986,6.7,581931425.0,620939533.4469987,9.31,52887075.0,57812259.26299986,GradientBoostingClassifier
0.5700000000000002,6.9,43693055.85299778,0.4577120765316196,0.9240524720826934,"{'learning_rate': 0.1, 'max_features': 'auto', 'n_estimators': 75}",637116850.0,680809905.8529978,6.7,583003200.0,622043078.5259979,8.6,54113650.0,58766827.3269999,GradientBoostingClassifier
0.5750000000000002,6.9,44317840.131999135,0.4614826090556472,0.9238099132995256,"{'learning_rate': 0.1, 'max_features': 'auto', 'n_estimators': 75}",645372100.0,689689940.1319991,6.68,591470100.0,630951385.7669992,8.97,53902000.0,58738554.36499985,GradientBoostingClassifier
0.5800000000000002,6.9,45306282.30099666,0.46496653015470646,0.9230784728518183,"{'learning_rate': 0.1, 'max_features': 'auto', 'n_estimators': 75}",654601875.0,699908157.3009967,6.73,598823600.0,639129024.2089968,8.97,55778275.0,60779133.0919999,GradientBoostingClassifier
0.5850000000000001,6.9,45452173.25999713,0.4675014489799818,0.9228452316837213,"{'learning_rate': 0.1, 'max_features': 'auto', 'n_estimators': 75}",660764900.0,706217073.2599971,6.68,603455475.0,643780824.9009973,8.95,57309425.0,62436248.358999856,GradientBoostingClassifier
0.5900000000000001,6.9,46494306.18899608,0.47209997006502896,0.9225944293078777,"{'learning_rate': 0.1, 'max_features': 'auto', 'n_estimators': 75}",671204425.0,717698731.1889961,6.69,612646250.0,653662890.8199962,9.35,58558175.0,64035840.36899984,GradientBoostingClassifier
0.5950000000000001,6.9,47214886.61999655,0.47487691631583306,0.9220527529603287,"{'learning_rate': 0.1, 'max_features': 'auto', 'n_estimators': 75}",680917600.0,728132486.6199965,6.72,619601225.0,661244259.0919967,9.09,61316375.0,66888227.52799987,GradientBoostingClassifier
0.6000000000000001,6.9,47367344.74099696,0.4763800340112224,0.9213022647245579,"{'learning_rate': 0.1, 'max_features': 'auto', 'n_estimators': 75}",685392625.0,732759969.740997,6.68,621864475.0,663411716.553997,9.16,63528150.0,69348253.18699987,GradientBoostingClassifier
0.6050000000000001,6.9,48355329.68399632,0.4815071939467667,0.920605877692685,"{'learning_rate': 0.1, 'max_features': 'auto', 'n_estimators': 75}",698882675.0,747238004.6839963,6.69,634557600.0,677035407.2489964,9.14,64325075.0,70202597.4349999,GradientBoostingClassifier
0.6100000000000001,6.9,48428731.06399667,0.4828638213582834,0.920291894122723,"{'learning_rate': 0.1, 'max_features': 'auto', 'n_estimators': 75}",702800625.0,751229356.0639967,6.69,638544700.0,681273616.4639968,8.87,64255925.0,69955739.59999992,GradientBoostingClassifier
0.6150000000000001,6.9,49188213.864997506,0.4860802384607056,0.9195896144301641,"{'learning_rate': 0.1, 'max_features': 'auto', 'n_estimators': 75}",711536375.0,760724588.8649975,6.69,642818200.0,685833423.9279975,8.98,68718175.0,74891164.93700007,GradientBoostingClassifier
0.6200000000000001,6.9,49671071.249999404,0.4880610418643755,0.9193243019686415,"{'learning_rate': 0.1, 'max_features': 'auto', 'n_estimators': 75}",717203550.0,766874621.2499994,6.74,648730575.0,692430253.9059993,8.72,68472975.0,74444367.3440001,GradientBoostingClassifier
0.6250000000000001,6.9,49854012.736998916,0.49064691383186737,0.9185016819710883,"{'learning_rate': 0.1, 'max_features': 'auto', 'n_estimators': 75}",722610175.0,772464187.7369989,6.69,652902150.0,696602408.4849988,8.83,69708025.0,75861779.25200005,GradientBoostingClassifier
0.6300000000000001,6.9,50506651.70500231,0.49417541893036615,0.9177202704399132,"{'learning_rate': 0.1, 'max_features': 'auto', 'n_estimators': 75}",733098275.0,783604926.7050023,6.68,661541425.0,705722089.6030023,8.84,71556850.0,77882837.102,GradientBoostingClassifier
0.6350000000000001,6.9,50727169.50900233,0.49454482921143644,0.9175813353864886,"{'learning_rate': 0.1, 'max_features': 'auto', 'n_estimators': 75}",736321350.0,787048519.5090023,6.68,662043175.0,706275180.6570023,8.74,74278175.0,80773338.85200003,GradientBoostingClassifier
0.6400000000000001,6.9,51228162.579001546,0.4980478577388269,0.9170540306474133,"{'learning_rate': 0.1, 'max_features': 'auto', 'n_estimators': 75}",744978175.0,796206337.5790015,6.67,671910425.0,716738798.3180015,8.76,73067750.0,79467539.26100002,GradientBoostingClassifier
0.6450000000000001,6.9,52103150.56899905,0.5018247594056316,0.9163413954136753,"{'learning_rate': 0.1, 'max_features': 'auto', 'n_estimators': 75}",757080150.0,809183300.568999,6.64,681731875.0,727030926.1659989,9.03,75348275.0,82152374.40300018,GradientBoostingClassifier
0.6500000000000001,6.9,51839836.56599915,0.5023470291133516,0.9157806962685011,"{'learning_rate': 0.1, 'max_features': 'auto', 'n_estimators': 75}",756120675.0,807960511.5659992,6.65,680202575.0,725412492.952999,8.73,75918100.0,82548018.61300012,GradientBoostingClassifier
0.6550000000000001,6.9,52895538.79200077,0.5057991044985255,0.9155792871368724,"{'learning_rate': 0.1, 'max_features': 'auto', 'n_estimators': 75}",766227625.0,819123163.7920008,6.68,686729625.0,732624702.0470006,8.81,79498000.0,86498461.74500015,GradientBoostingClassifier
0.6600000000000001,6.9,53312221.66200185,0.5085633124637755,0.9148039948366058,"{'learning_rate': 0.1, 'max_features': 'auto', 'n_estimators': 75}",775271425.0,828583646.6620018,6.68,695783975.0,742278643.6920018,8.58,79487450.0,86305002.97000007,GradientBoostingClassifier
0.6650000000000001,6.9,53779498.909002066,0.5102447661569229,0.9144834571235652,"{'learning_rate': 0.1, 'max_features': 'auto', 'n_estimators': 75}",780283150.0,834062648.9090021,6.69,699349150.0,746143429.4720019,8.63,80934000.0,87919219.43700011,GradientBoostingClassifier
0.6700000000000002,6.8,54064515.81100321,0.5135630895437783,0.9133476587876668,"{'learning_rate': 0.1, 'max_features': 'auto', 'n_estimators': 75}",789843600.0,843908115.8110032,6.65,708581950.0,755696819.016003,8.55,81261650.0,88211296.79500014,GradientBoostingClassifier
0.6750000000000002,6.9,54501707.4830029,0.5156585375174355,0.913258553371716,"{'learning_rate': 0.1, 'max_features': 'auto', 'n_estimators': 75}",795378500.0,849880207.4830029,6.68,712546975.0,760177137.8170027,8.3,82831525.0,89703069.66600022,GradientBoostingClassifier
0.6800000000000002,6.9,54826135.27400386,0.5174227900666849,0.9130148811970731,"{'learning_rate': 0.1, 'max_features': 'auto', 'n_estimators': 75}",798733350.0,853559485.2740039,6.66,714151650.0,761692119.7800037,8.61,84581700.0,91867365.49400015,GradientBoostingClassifier
0.6850000000000002,6.8,55253868.143003225,0.5205309317418969,0.9121877488663882,"{'learning_rate': 0.1, 'max_features': 'auto', 'n_estimators': 75}",806874550.0,862128418.1430032,6.65,720425600.0,768364359.4020033,8.46,86448950.0,93764058.741,GradientBoostingClassifier
0.6900000000000002,6.9,55761680.2910043,0.521925774010076,0.9119787791544011,"{'learning_rate': 0.1, 'max_features': 'auto', 'n_estimators': 75}",812682625.0,868444305.2910043,6.67,725614950.0,773999000.0930042,8.47,87067675.0,94445305.19800007,GradientBoostingClassifier
0.6950000000000002,6.9,56613819.08200288,0.5250912379702816,0.9118348785447791,"{'learning_rate': 0.1, 'max_features': 'auto', 'n_estimators': 75}",821211025.0,877824844.0820029,6.69,731808625.0,780786813.3880029,8.54,89402400.0,97038030.69400007,GradientBoostingClassifier
0.7000000000000002,6.8,56316734.32600474,0.5272822230855949,0.9103834144331204,"{'learning_rate': 0.1, 'max_features': 'auto', 'n_estimators': 75}",828743100.0,885059834.3260047,6.62,737630675.0,786495702.9700046,8.18,91112425.0,98564131.35600021,GradientBoostingClassifier
0.7050000000000002,6.8,57037449.52100432,0.529103797919838,0.9102311583127176,"{'learning_rate': 0.1, 'max_features': 'auto', 'n_estimators': 75}",833774375.0,890811824.5210043,6.65,742168575.0,791507837.4090042,8.4,91605800.0,99303987.11200012,GradientBoostingClassifier
0.7100000000000002,6.9,57693922.60700321,0.5318106836000943,0.9099940641694524,"{'learning_rate': 0.1, 'max_features': 'auto', 'n_estimators': 75}",840939950.0,898633872.6070032,6.66,747233400.0,796979038.2630029,8.48,93706550.0,101654834.34400031,GradientBoostingClassifier
0.7150000000000002,6.8,57515532.35000384,0.5337532721471018,0.9088065410285395,"{'learning_rate': 0.1, 'max_features': 'auto', 'n_estimators': 75}",847800225.0,905315757.3500038,6.64,753234675.0,803214761.7600037,7.97,94565550.0,102100995.59000014,GradientBoostingClassifier
0.7200000000000002,6.8,57822045.33600414,0.5349124561325291,0.9080043741432686,"{'learning_rate': 0.1, 'max_features': 'auto', 'n_estimators': 75}",853298050.0,911120095.3360041,6.6,755415250.0,805310171.9450037,8.1,97882800.0,105809923.39100038,GradientBoostingClassifier
0.7250000000000002,6.8,58389009.40000272,0.5378231543816517,0.90784894370497,"{'learning_rate': 0.1, 'max_features': 'auto', 'n_estimators': 75}",859598400.0,917987409.4000027,6.61,760403575.0,810695735.7610023,8.16,99194825.0,107291673.6390004,GradientBoostingClassifier
0.7300000000000002,6.8,59259850.10700202,0.5411669543396155,0.907643263986463,"{'learning_rate': 0.1, 'max_features': 'auto', 'n_estimators': 75}",869325525.0,928585375.107002,6.64,769825850.0,820966144.2040017,8.16,99499675.0,107619230.90300038,GradientBoostingClassifier
0.7350000000000002,6.8,59614179.68500328,0.5422688160400492,0.9076137698400747,"{'learning_rate': 0.1, 'max_features': 'auto', 'n_estimators': 75}",873635650.0,933249829.6850033,6.65,773294300.0,824725305.8150028,8.16,100341350.0,108524523.87000048,GradientBoostingClassifier
0.7400000000000002,6.8,59697184.97400272,0.5453196354302674,0.9064160378622137,"{'learning_rate': 0.1, 'max_features': 'auto', 'n_estimators': 75}",881400175.0,941097359.9740027,6.59,779500475.0,830877390.3320023,8.17,101899700.0,110219969.64200045,GradientBoostingClassifier
0.7450000000000002,6.8,60279224.43900442,0.5468418605539881,0.9064584012567058,"{'learning_rate': 0.1, 'max_features': 'auto', 'n_estimators': 75}",886171075.0,946450299.4390044,6.62,780864700.0,832536552.8060039,8.17,105306375.0,113913746.63300051,GradientBoostingClassifier
0.7500000000000001,6.7,60231556.83100271,0.5486825428165624,0.9056242919982934,"{'learning_rate': 0.1, 'max_features': 'auto', 'n_estimators': 75}",892440725.0,952672281.8310027,6.59,788411900.0,840333480.4270023,7.99,104028825.0,112338801.4040004,GradientBoostingClassifier
0.7550000000000001,6.8,61234798.5620023,0.5518607450623221,0.9052113373532582,"{'learning_rate': 0.1, 'max_features': 'auto', 'n_estimators': 75}",898709350.0,959944148.5620023,6.61,792305575.0,844640216.0700018,8.36,106403775.0,115303932.4920005,GradientBoostingClassifier
0.7600000000000001,6.8,61224954.542003036,0.553414815899928,0.9046074541716139,"{'learning_rate': 0.1, 'max_features': 'auto', 'n_estimators': 75}",905274450.0,966499404.542003,6.58,797057775.0,849529106.7480024,8.09,108216675.0,116970297.79400061,GradientBoostingClassifier
0.7650000000000001,6.8,61701916.0940032,0.5550771621647442,0.904266808749622,"{'learning_rate': 0.1, 'max_features': 'auto', 'n_estimators': 75}",910543175.0,972245091.0940032,6.59,800058750.0,852792685.1740026,8.12,110484425.0,119452405.92000061,GradientBoostingClassifier
0.7700000000000001,6.8,62288468.86099994,0.5578031552733318,0.9037207244494555,"{'learning_rate': 0.1, 'max_features': 'auto', 'n_estimators': 75}",919461175.0,981749643.861,6.58,808022250.0,861167641.3829993,8.2,111438925.0,120582002.4780006,GradientBoostingClassifier
0.7750000000000001,6.8,62713206.43900025,0.5601469998152948,0.9031248672603962,"{'learning_rate': 0.1, 'max_features': 'auto', 'n_estimators': 75}",925209100.0,987922306.4390002,6.59,811845550.0,865307878.9779997,8.16,113363550.0,122614427.46100059,GradientBoostingClassifier
0.7800000000000001,6.7,62377696.4720006,0.5615291037979199,0.9026713255184852,"{'learning_rate': 0.1, 'max_features': 'auto', 'n_estimators': 75}",930498325.0,992876021.4720006,6.54,817625375.0,871088806.9360001,7.9,112872950.0,121787214.53600053,GradientBoostingClassifier
0.7850000000000001,6.8,63521834.625998974,0.5641722980504054,0.9025942241801272,"{'learning_rate': 0.1, 'max_features': 'auto', 'n_estimators': 75}",938500300.0,1002022134.625999,6.57,823512175.0,877628029.0689986,8.18,114988125.0,124394105.55700046,GradientBoostingClassifier
0.7900000000000001,6.7,63730321.41799641,0.5664588203073748,0.9017502981886771,"{'learning_rate': 0.1, 'max_features': 'auto', 'n_estimators': 75}",946702125.0,1010432446.4179964,6.53,829426050.0,883591253.3449959,8.16,117276075.0,126841193.07300054,GradientBoostingClassifier
0.7950000000000002,6.8,64335135.03799605,0.5679555688599871,0.9015809458060062,"{'learning_rate': 0.1, 'max_features': 'auto', 'n_estimators': 75}",949737950.0,1014073085.037996,6.57,831531975.0,886187352.1389955,8.19,118205975.0,127885732.89900053,GradientBoostingClassifier
0.8000000000000002,6.7,64772500.23699832,0.5709936499646513,0.9006969117245149,"{'learning_rate': 0.1, 'max_features': 'auto', 'n_estimators': 75}",959972375.0,1024744875.2369983,6.54,838613000.0,893491591.1919978,8.15,121359375.0,131253284.04500058,GradientBoostingClassifier
0.8050000000000002,6.8,64791823.24499738,0.5708917436802181,0.9007957124497553,"{'learning_rate': 0.1, 'max_features': 'auto', 'n_estimators': 75}",959866675.0,1024658498.2449974,6.55,839555825.0,894510446.1649969,8.18,120310850.0,130148052.08000055,GradientBoostingClassifier
0.8100000000000002,6.8,65705017.68899906,0.5746240613475833,0.9005736396352518,"{'learning_rate': 0.1, 'max_features': 'auto', 'n_estimators': 75}",970456050.0,1036161067.688999,6.56,847664200.0,903267573.2219986,8.23,122791850.0,132893494.46700048,GradientBoostingClassifier
0.8150000000000002,6.7,65982467.89599812,0.576681294464578,0.8997784193916605,"{'learning_rate': 0.1, 'max_features': 'auto', 'n_estimators': 75}",977645750.0,1043628217.8959981,6.56,851323050.0,907198647.1889974,8.0,126322700.0,136429570.70700076,GradientBoostingClassifier
0.8200000000000002,6.7,66441078.669997096,0.5791206761481972,0.8993096278920993,"{'learning_rate': 0.1, 'max_features': 'auto', 'n_estimators': 75}",985567375.0,1052008453.6699971,6.54,857923650.0,914031621.3339964,8.1,127643725.0,137976832.33600068,GradientBoostingClassifier
0.8250000000000002,6.8,67194820.02999592,0.580923143554109,0.8986188540328668,"{'learning_rate': 0.1, 'max_features': 'auto', 'n_estimators': 75}",990895600.0,1058090420.0299959,6.54,861737925.0,918111826.4349952,8.38,129157675.0,139978593.59500068,GradientBoostingClassifier
0.8300000000000002,6.7,67071780.07799566,0.5823116166795111,0.898090682689647,"{'learning_rate': 0.1, 'max_features': 'auto', 'n_estimators': 75}",995579550.0,1062651330.0779957,6.51,865386525.0,921729663.789995,8.24,130193025.0,140921666.28800073,GradientBoostingClassifier
0.8350000000000002,6.7,67688533.04899621,0.5845153400803785,0.8978018093504929,"{'learning_rate': 0.1, 'max_features': 'auto', 'n_estimators': 75}",1003272650.0,1070961183.0489962,6.52,870794875.0,927613604.1269954,8.21,132477775.0,143347578.92200083,GradientBoostingClassifier
0.8400000000000002,6.7,67915544.35299778,0.5868337080512334,0.897385561434756,"{'learning_rate': 0.1, 'max_features': 'auto', 'n_estimators': 75}",1008292350.0,1076207894.3529978,6.51,875269100.0,932245756.822997,8.22,133023250.0,143962137.5300008,GradientBoostingClassifier
0.8450000000000002,6.7,68357251.34899712,0.5883240874610686,0.8969867125538549,"{'learning_rate': 0.1, 'max_features': 'auto', 'n_estimators': 75}",1014088450.0,1082445701.348997,6.52,878619750.0,935906909.0699961,8.17,135468700.0,146538792.27900088,GradientBoostingClassifier
0.8500000000000002,6.7,68675517.83099723,0.5895979160164834,0.8970681182039806,"{'learning_rate': 0.1, 'max_features': 'auto', 'n_estimators': 75}",1018267550.0,1086943067.8309972,6.53,881336775.0,938880172.5969965,8.13,136930775.0,148062895.23400077,GradientBoostingClassifier
0.8550000000000002,6.7,69267019.40499711,0.592508614265606,0.8963600112471563,"{'learning_rate': 0.1, 'max_features': 'auto', 'n_estimators': 75}",1027301375.0,1096568394.404997,6.54,887936975.0,946029286.9559963,8.02,139364400.0,150539107.4490009,GradientBoostingClassifier
0.8600000000000002,6.7,69607708.30499792,0.5941645913876451,0.895574524299469,"{'learning_rate': 0.1, 'max_features': 'auto', 'n_estimators': 75}",1033404050.0,1103011758.304998,6.5,893417675.0,951522096.168997,8.22,139986375.0,151489662.1360009,GradientBoostingClassifier
0.8650000000000002,6.8,70357966.22099519,0.5967122484984746,0.8957423167251698,"{'learning_rate': 0.1, 'max_features': 'auto', 'n_estimators': 75}",1039601925.0,1109959891.2209952,6.54,897699650.0,956413877.0769941,8.21,141902275.0,153546014.14400107,GradientBoostingClassifier
0.8700000000000002,6.8,70697543.41399455,0.598559299903826,0.8952078521939953,"{'learning_rate': 0.1, 'max_features': 'auto', 'n_estimators': 75}",1045155525.0,1115853068.4139946,6.52,901590575.0,960354281.7879934,8.31,143564950.0,155498786.62600106,GradientBoostingClassifier
0.8750000000000002,6.7,70365769.94899774,0.5986102530460425,0.894802166390853,"{'learning_rate': 0.1, 'max_features': 'auto', 'n_estimators': 75}",1045871225.0,1116236994.9489977,6.49,900574150.0,959058719.2769967,8.18,145297075.0,157178275.67200106,GradientBoostingClassifier
0.8800000000000002,6.7,71034854.88799524,0.601508213009611,0.8946117767078465,"{'learning_rate': 0.1, 'max_features': 'auto', 'n_estimators': 75}",1055882200.0,1126917054.8879952,6.49,910470625.0,969588085.6309942,8.2,145411575.0,157328969.25700104,GradientBoostingClassifier
0.8850000000000002,6.8,71621845.52799582,0.6021833421439808,0.8938501778874165,"{'learning_rate': 0.1, 'max_features': 'auto', 'n_estimators': 75}",1059040025.0,1130661870.5279958,6.49,911369575.0,970555224.6349949,8.42,147670450.0,160106645.893001,GradientBoostingClassifier
0.8900000000000002,6.7,71912292.22899508,0.604705522683702,0.8935628023784024,"{'learning_rate': 0.1, 'max_features': 'auto', 'n_estimators': 75}",1067034525.0,1138946817.228995,6.48,919296450.0,978899376.379994,8.33,147738075.0,160047440.84900105,GradientBoostingClassifier
0.8950000000000002,6.8,72502116.01099586,0.6068774003706842,0.8932941752325012,"{'learning_rate': 0.1, 'max_features': 'auto', 'n_estimators': 75}",1072739075.0,1145241191.0109959,6.5,923506625.0,983547746.2849946,8.35,149232450.0,161693444.72600117,GradientBoostingClassifier
0.9000000000000002,6.7,72375143.74899673,0.6081448597833218,0.8925470905526671,"{'learning_rate': 0.1, 'max_features': 'auto', 'n_estimators': 75}",1080198475.0,1152573618.7489967,6.45,925720125.0,985455228.9559959,8.18,154478350.0,167118389.79300088,GradientBoostingClassifier
0.9050000000000001,6.7,72819409.32799578,0.6109090677485717,0.8923041591626074,"{'learning_rate': 0.1, 'max_features': 'auto', 'n_estimators': 75}",1085224575.0,1158043984.3279958,6.46,931691925.0,991857196.6029947,8.24,153532650.0,166186787.72500107,GradientBoostingClassifier
0.9100000000000001,6.7,73255502.56199503,0.6116924723101518,0.8921516605967054,"{'learning_rate': 0.1, 'max_features': 'auto', 'n_estimators': 75}",1090085725.0,1163341227.561995,6.47,935549925.0,996081964.3369939,8.23,154535800.0,167259263.22500104,GradientBoostingClassifier
0.9150000000000001,6.7,73864890.93599486,0.6148897819842427,0.8912996752006114,"{'learning_rate': 0.1, 'max_features': 'auto', 'n_estimators': 75}",1100631175.0,1174496065.9359949,6.46,942593075.0,1003524189.5259938,8.18,158038100.0,170971876.410001,GradientBoostingClassifier
0.9200000000000002,6.8,74481005.76099324,0.6150490105536696,0.8916032540526335,"{'learning_rate': 0.1, 'max_features': 'auto', 'n_estimators': 75}",1101346025.0,1175827030.7609932,6.48,942701700.0,1003833548.8469921,8.41,158644325.0,171993481.9140011,GradientBoostingClassifier
0.9250000000000002,6.8,74976874.80899239,0.6175775602361678,0.8912032643765421,"{'learning_rate': 0.1, 'max_features': 'auto', 'n_estimators': 75}",1109738275.0,1184715149.8089924,6.49,949931050.0,1011599028.6629915,8.33,159807225.0,173116121.14600095,GradientBoostingClassifier
0.9300000000000002,6.8,75319170.71599269,0.6187367442215952,0.8907438914882556,"{'learning_rate': 0.1, 'max_features': 'auto', 'n_estimators': 75}",1113680875.0,1189000045.7159927,6.49,950778425.0,1012517981.7659917,8.34,162902450.0,176482063.950001,GradientBoostingClassifier
0.9350000000000002,6.7,75439481.22299409,0.6209340984796856,0.89022314563745,"{'learning_rate': 0.1, 'max_features': 'auto', 'n_estimators': 75}",1120274325.0,1195713806.222994,6.46,957141600.0,1018959170.947993,8.35,163132725.0,176754635.27500096,GradientBoostingClassifier
0.9400000000000002,6.7,75508868.21699286,0.6222779876056481,0.8901106613948483,"{'learning_rate': 0.1, 'max_features': 'auto', 'n_estimators': 75}",1123228575.0,1198737443.2169929,6.48,959728425.0,1021939414.2209918,8.13,163500150.0,176798028.99600103,GradientBoostingClassifier
0.9450000000000002,6.7,75785381.43199348,0.6232843121644258,0.8896491432567898,"{'learning_rate': 0.1, 'max_features': 'auto', 'n_estimators': 75}",1129992750.0,1205778131.4319935,6.46,962662950.0,1024809780.2259924,8.15,167329800.0,180968351.20600113,GradientBoostingClassifier
0.9500000000000002,6.7,76551592.6059928,0.6249275510009108,0.8891930133840551,"{'learning_rate': 0.1, 'max_features': 'auto', 'n_estimators': 75}",1134495175.0,1211046767.6059928,6.47,964142375.0,1026512227.1669916,8.32,170352800.0,184534540.43900108,GradientBoostingClassifier
0.9550000000000002,6.7,76704943.14499354,0.6270675829740076,0.8887249590815832,"{'learning_rate': 0.1, 'max_features': 'auto', 'n_estimators': 75}",1143191625.0,1219896568.1449935,6.45,971919975.0,1034569702.4679923,8.21,171271650.0,185326865.67700124,GradientBoostingClassifier
0.9600000000000002,6.7,77212321.58999252,0.6287235600960467,0.8886822346214782,"{'learning_rate': 0.1, 'max_features': 'auto', 'n_estimators': 75}",1146962250.0,1224174571.5899925,6.46,974543450.0,1037503397.8689915,8.27,172418800.0,186671173.72100097,GradientBoostingClassifier
0.9650000000000002,6.7,77850109.07999349,0.6307043634997166,0.8883940297143901,"{'learning_rate': 0.1, 'max_features': 'auto', 'n_estimators': 75}",1155188150.0,1233038259.0799935,6.48,978378925.0,1041778821.8289924,8.17,176809225.0,191259437.2510012,GradientBoostingClassifier
0.9700000000000002,6.7,77787893.99999523,0.63169794977294,0.8879556602592554,"{'learning_rate': 0.1, 'max_features': 'auto', 'n_estimators': 75}",1158042725.0,1235830618.9999952,6.45,982248275.0,1045563111.473994,8.23,175794450.0,190267507.52600116,GradientBoostingClassifier
0.9750000000000002,6.7,77684140.60699487,0.6324367703350806,0.8875659724192725,"{'learning_rate': 0.1, 'max_features': 'auto', 'n_estimators': 75}",1161569025.0,1239253165.6069949,6.44,984107425.0,1047496928.0129936,8.06,177461600.0,191756237.5940013,GradientBoostingClassifier
0.9800000000000002,6.7,78189441.29399347,0.6348825211614769,0.8873797141342238,"{'learning_rate': 0.1, 'max_features': 'auto', 'n_estimators': 75}",1167576050.0,1245765491.2939935,6.44,989175475.0,1052871156.6199924,8.12,178400575.0,192894334.67400107,GradientBoostingClassifier
0.9850000000000002,6.7,79197354.18599224,0.6375702994134019,0.8868708358994457,"{'learning_rate': 0.1, 'max_features': 'auto', 'n_estimators': 75}",1176789900.0,1255987254.1859922,6.45,994846725.0,1059034118.3839914,8.25,181943175.0,196953135.80200094,GradientBoostingClassifier
0.9900000000000002,6.7,78957728.46299362,0.6379014948378098,0.886573271765745,"{'learning_rate': 0.1, 'max_features': 'auto', 'n_estimators': 75}",1177931225.0,1256888953.4629936,6.45,996762125.0,1061033324.5609927,8.11,181169100.0,195855628.90200093,GradientBoostingClassifier
0.9950000000000002,6.7,78899500.7719953,0.6391753233932245,0.8860081708986876,"{'learning_rate': 0.1, 'max_features': 'auto', 'n_estimators': 75}",1184444525.0,1263344025.7719953,6.41,1001182200.0,1065382091.9359944,8.02,183262325.0,197961933.83600086,GradientBoostingClassifier
1.0000000000000002,6.7,79732275.33699536,0.6420032227862452,0.8854756934088875,"{'learning_rate': 0.1, 'max_features': 'auto', 'n_estimators': 75}",1191388150.0,1271120425.3369954,6.43,1005727350.0,1070429077.1649947,8.1,185660800.0,200691348.17200068,GradientBoostingClassifier
1.0050000000000001,6.7,79892695.98399639,0.6426337679211754,0.8847940982162519,"{'learning_rate': 0.1, 'max_features': 'auto', 'n_estimators': 75}",1198956775.0,1278849470.9839964,6.39,1010089825.0,1074676476.6149957,8.1,188866950.0,204172994.36900064,GradientBoostingClassifier
