System_Returns,System_Returns_36,System_Returns_60,Deployed,Deployed_36,Deployed_60
16.7834,13.6761,24.1168,1788214750.0,1256013075.0,532201675.0
16.8427,13.684,24.2026,1791431600.0,1253475300.0,537956300.0
16.7932,13.65,24.1065,1792430425.0,1253628075.0,538802350.0
16.8301,13.6658,24.2314,1790488800.0,1254252875.0,536235925.0
16.7904,13.6276,24.1424,1795703525.0,1255571400.0,540132125.0
16.8595,13.7103,24.2093,1785551725.0,1249966350.0,535585375.0
16.8263,13.6546,24.3074,1786270625.0,1254437400.0,531833225.0
16.8304,13.6553,24.3367,1787093800.0,1255880950.0,531212850.0
16.7829,13.6788,24.0389,1792433900.0,1255390850.0,537043050.0
16.7778,13.6389,24.1234,1789025775.0,1253412725.0,535613050.0
16.7419,13.5973,24.1095,1787850175.0,1253024125.0,534826050.0
16.8499,13.6943,24.2689,1794104100.0,1258717325.0,535386775.0
16.7847,13.6339,24.1809,1791433325.0,1256252250.0,535181075.0
16.7847,13.6283,24.1417,1779431700.0,1245207125.0,534224575.0
16.7912,13.6444,24.2333,1782089950.0,1252487250.0,529602700.0
16.791,13.6684,24.0707,1786937525.0,1250523375.0,536414150.0
16.8347,13.6907,24.1325,1787096700.0,1249014875.0,538081825.0
16.7999,13.6647,24.1422,1791691800.0,1255553250.0,536138550.0
16.7685,13.6696,24.0129,1790725300.0,1254225100.0,536500200.0
16.8009,13.6775,24.108,1790405675.0,1254274525.0,536131150.0
16.8428,13.6273,24.3507,1791526425.0,1254328000.0,537198425.0
16.7079,13.6441,23.9121,1794596000.0,1259121150.0,535474850.0
16.8464,13.6352,24.3082,1788614325.0,1250474200.0,538140125.0
16.8071,13.6528,24.1002,1787593925.0,1247891775.0,539702150.0
16.7948,13.6329,24.2414,1780966275.0,1250143275.0,530823000.0
16.8666,13.6691,24.3721,1796399825.0,1259720250.0,536679575.0
16.8371,13.6953,24.1622,1792116200.0,1254183200.0,537933000.0
16.7391,13.6068,24.0746,1784333400.0,1250406350.0,533927050.0
16.7959,13.6283,24.0759,1799108475.0,1253637775.0,545470700.0
16.7536,13.632,24.0607,1792267575.0,1255781750.0,536485825.0
16.757,13.6835,23.9303,1794063025.0,1255933600.0,538129425.0
16.8229,13.6655,24.1757,1792850375.0,1254254575.0,538595800.0
16.778,13.6438,24.1201,1793498875.0,1256947500.0,536551375.0
16.8057,13.6384,24.2161,1793940675.0,1256770625.0,537170050.0
16.8011,13.6116,24.2011,1787167450.0,1248879150.0,538288300.0
16.8217,13.6401,24.2954,1790910325.0,1256149350.0,534760975.0
16.7725,13.6554,24.0068,1789975375.0,1250971000.0,539004375.0
16.7447,13.6484,24.0021,1790906725.0,1255331300.0,535575425.0
16.8375,13.6761,24.2398,1788155175.0,1253005925.0,535149250.0
16.7246,13.6309,24.0342,1785791725.0,1254743100.0,531048625.0
16.8007,13.6596,24.1758,1785355650.0,1252074050.0,533281600.0
16.8206,13.6359,24.1761,1795609850.0,1253069100.0,542540750.0
16.8309,13.6542,24.2827,1786659350.0,1252653850.0,534005500.0
16.8081,13.6771,24.1322,1784687775.0,1250232075.0,534455700.0
16.8256,13.6297,24.2209,1791154750.0,1250668450.0,540486300.0
16.8096,13.6743,24.1704,1792639850.0,1257154825.0,535485025.0
16.7899,13.6709,24.1123,1786436275.0,1252790400.0,533645875.0
16.8469,13.6692,24.2579,1793906400.0,1255542350.0,538364050.0
16.7876,13.6573,24.1038,1792554325.0,1255417375.0,537136950.0
16.8383,13.6454,24.364,1784549875.0,1252963900.0,531585975.0
16.7262,13.5866,24.0803,1787506425.0,1252711325.0,534795100.0
16.8188,13.6651,24.2524,1786445900.0,1254300475.0,532145425.0
16.8155,13.6663,24.1479,1790982300.0,1252885200.0,538097100.0
16.7955,13.6836,24.105,1783840575.0,1251178925.0,532661650.0
16.8219,13.6728,24.2219,1787666750.0,1254008750.0,533658000.0
16.8583,13.6714,24.2635,1785288050.0,1248126725.0,537161325.0
16.777,13.6562,24.0572,1788048375.0,1251547000.0,536501375.0
16.7734,13.6581,24.1161,1789307325.0,1256286925.0,533020400.0
16.757,13.6106,24.1278,1782607175.0,1249313600.0,533293575.0
16.8157,13.6554,24.1726,1789084850.0,1251481450.0,537603400.0
16.8584,13.6574,24.3264,1788422700.0,1251844650.0,536578050.0
16.8747,13.6913,24.2851,1791474075.0,1253150575.0,538323500.0
16.8558,13.6674,24.2899,1787314225.0,1250839300.0,536474925.0
16.8321,13.6687,24.2387,1787999800.0,1252886150.0,535113650.0
16.8215,13.6631,24.1841,1789439875.0,1252247875.0,537192000.0
16.8236,13.6296,24.1821,1785839250.0,1245305950.0,540533300.0
16.7899,13.6308,24.2146,1786048500.0,1252934400.0,533114100.0
16.7713,13.6143,24.1864,1782920750.0,1250521825.0,532398925.0
16.7963,13.6655,24.0348,1790529375.0,1249907075.0,540622300.0
16.8467,13.6804,24.2002,1795749750.0,1255253875.0,540495875.0
16.8019,13.6156,24.2625,1789535350.0,1253975100.0,535560250.0
16.8321,13.6204,24.2953,1789799100.0,1251309950.0,538489150.0
16.8465,13.6526,24.3014,1795388850.0,1256890525.0,538498325.0
16.8506,13.6413,24.2826,1792455775.0,1251861800.0,540593975.0
16.7781,13.6011,24.1932,1788595550.0,1252125725.0,536469825.0
16.8374,13.6422,24.2067,1779878050.0,1241565200.0,538312850.0
16.8057,13.6919,24.0877,1786852725.0,1251651175.0,535201550.0
16.8413,13.6831,24.1934,1792132200.0,1253621800.0,538510400.0
16.7168,13.6078,24.0959,1794128950.0,1262298875.0,531830075.0
16.8371,13.6684,24.2906,1787611900.0,1254345775.0,533266125.0
16.7335,13.6142,24.131,1787516600.0,1257344775.0,530171825.0
16.8418,13.6466,24.3192,1788372125.0,1252961525.0,535410600.0
16.8562,13.6855,24.2692,1788108325.0,1252416675.0,535691650.0
16.852,13.6315,24.3392,1784507775.0,1247787200.0,536720575.0
16.8486,13.7065,24.1298,1785996050.0,1247601300.0,538394750.0
16.7354,13.6288,24.0423,1783726650.0,1251597125.0,532129525.0
16.8035,13.6469,24.109,1790349600.0,1250171625.0,540177975.0
16.8287,13.6588,24.1596,1793302650.0,1251955725.0,541346925.0
16.8015,13.6343,24.3123,1785752675.0,1256092450.0,529660225.0
16.7973,13.7076,24.1212,1789871850.0,1258826525.0,531045325.0
16.8343,13.6881,24.2063,1790471250.0,1254908900.0,535562350.0
16.831,13.6439,24.2977,1790476700.0,1254844875.0,535631825.0
16.8226,13.6419,24.3276,1786022300.0,1254382700.0,531639600.0
16.8274,13.6589,24.2063,1783745675.0,1247894875.0,535850800.0
16.8258,13.6427,24.265,1776417525.0,1244090175.0,532327350.0
16.8033,13.6622,24.2162,1789018100.0,1256568050.0,532450050.0
16.7649,13.6869,23.9663,1789785375.0,1253873325.0,535912050.0
16.8053,13.6644,24.1344,1791129000.0,1253797700.0,537331300.0
16.8329,13.6545,24.2094,1788010375.0,1249584225.0,538426150.0
16.85,13.66,24.2868,1792073400.0,1254120475.0,537952925.0
16.7797,13.671,24.1052,1787709125.0,1255091050.0,532618075.0
16.7909,13.6291,24.2301,1784915050.0,1252549025.0,532366025.0
16.7603,13.6842,24.0259,1793049575.0,1259710750.0,533338825.0
16.7785,13.6575,24.0623,1782460900.0,1247802975.0,534657925.0
16.8076,13.6648,24.3044,1785716700.0,1258242025.0,527474675.0
16.7869,13.6308,24.1307,1789620025.0,1251686400.0,537933625.0
16.852,13.663,24.3066,1786718550.0,1251392150.0,535326400.0
16.8275,13.667,24.1118,1790468550.0,1248692300.0,541776250.0
16.7908,13.5786,24.3535,1789863350.0,1256270025.0,533593325.0
16.7891,13.6234,24.2283,1779506700.0,1248302125.0,531204575.0
16.85,13.6876,24.3249,1786450000.0,1255339650.0,531110350.0
16.8062,13.6663,24.1952,1787556300.0,1254474375.0,533081925.0
16.775,13.6693,24.0541,1787887225.0,1253193575.0,534693650.0
16.817,13.6269,24.2133,1782086125.0,1245067875.0,537018250.0
16.8859,13.6688,24.4178,1788548375.0,1253243375.0,535305000.0
16.7308,13.6274,24.009,1784894300.0,1251331325.0,533562975.0
16.7622,13.6424,24.1672,1784129700.0,1255269900.0,528859800.0
16.7908,13.6789,24.1544,1782775400.0,1253172225.0,529603175.0
16.9117,13.704,24.3338,1788042250.0,1248467900.0,539574350.0
16.8489,13.692,24.2751,1787162200.0,1254053300.0,533108900.0
16.8626,13.6662,24.2801,1794453650.0,1254050475.0,540403175.0
16.7965,13.6377,24.2384,1789593800.0,1256338000.0,533255800.0
16.8085,13.6316,24.1943,1791222900.0,1252490000.0,538732900.0
16.7547,13.6293,24.0482,1787183400.0,1251072475.0,536110925.0
16.7411,13.6365,24.0348,1786810650.0,1253321825.0,533488825.0
16.8447,13.7054,24.1306,1788841625.0,1250174100.0,538667525.0
16.7625,13.6272,24.0848,1788576850.0,1252343225.0,536233625.0
16.8912,13.7165,24.3426,1786641975.0,1252847075.0,533794900.0
16.8286,13.654,24.15,1788846075.0,1247799200.0,541046875.0
16.8043,13.6528,24.1232,1784442175.0,1247340100.0,537102075.0
16.8081,13.6303,24.1648,1792839400.0,1252016525.0,540822875.0
16.8114,13.6339,24.1455,1787954000.0,1247487925.0,540466075.0
16.7742,13.6701,24.011,1784420625.0,1248768575.0,535652050.0
16.8006,13.6475,24.2442,1789916225.0,1257313925.0,532602300.0
16.865,13.662,24.3097,1791023175.0,1252254975.0,538768200.0
16.8136,13.6383,24.2499,1785851600.0,1251482275.0,534369325.0
16.85,13.6251,24.3179,1790912900.0,1250781825.0,540131075.0
16.7893,13.6445,24.1514,1790812425.0,1254803125.0,536009300.0
16.818,13.7018,24.1263,1791489600.0,1255950125.0,535539475.0
16.7769,13.6667,24.0762,1795632600.0,1259123125.0,536509475.0
16.7204,13.5979,24.0088,1776788500.0,1243881525.0,532906975.0
16.794,13.6707,24.13,1790293225.0,1255674075.0,534619150.0
16.804,13.7222,24.0814,1784136100.0,1253366875.0,530769225.0
16.8309,13.712,24.2003,1786630350.0,1255352725.0,531277625.0
16.8111,13.6398,24.2029,1791959700.0,1253977225.0,537982475.0
16.8384,13.6374,24.3376,1788236050.0,1253269875.0,534966175.0
16.779,13.6604,24.0694,1778127750.0,1245391750.0,532736000.0
16.7874,13.6624,24.189,1789653225.0,1258355400.0,531297825.0
16.7711,13.602,24.2067,1789758800.0,1254917100.0,534841700.0
16.7611,13.6423,24.0822,1789604100.0,1254982175.0,534621925.0
16.7459,13.6324,24.058,1789387300.0,1255007175.0,534380125.0
16.8188,13.6347,24.1942,1791339350.0,1251181725.0,540157625.0
16.7863,13.6476,24.2445,1787311100.0,1257933925.0,529377175.0
16.8459,13.6655,24.2714,1788861775.0,1252442600.0,536419175.0
16.82,13.6645,24.1825,1784083450.0,1248829900.0,535253550.0
16.8219,13.6416,24.2659,1792136300.0,1255685375.0,536450925.0
16.7237,13.6419,23.9187,1789961800.0,1253189350.0,536772450.0
16.8206,13.6619,24.2128,1783887000.0,1249826875.0,534060125.0
16.8009,13.6312,24.1263,1790082825.0,1249456425.0,540626400.0
16.8024,13.6521,24.1643,1793535350.0,1256046575.0,537488775.0
16.8506,13.6845,24.1754,1790702025.0,1250281525.0,540420500.0
16.8355,13.7003,24.1626,1789616000.0,1253335825.0,536280175.0
16.8384,13.6374,24.3185,1787550925.0,1251846675.0,535704250.0
16.8217,13.6321,24.1982,1786056775.0,1246905925.0,539150850.0
16.7808,13.6167,24.2244,1791230275.0,1256939450.0,534290825.0
16.7586,13.6166,24.1702,1785713225.0,1254082500.0,531630725.0
16.8026,13.6443,24.1333,1786455975.0,1248539100.0,537916875.0
16.8327,13.6964,24.0811,1786573300.0,1247009175.0,539564125.0
16.7929,13.6687,24.1275,1791162350.0,1256106975.0,535055375.0
16.78,13.6635,24.1093,1782202375.0,1250486000.0,531716375.0
16.7615,13.6767,23.9957,1789132475.0,1254287000.0,534845475.0
16.7737,13.6056,24.223,1791243550.0,1256758425.0,534485125.0
16.7877,13.6217,24.178,1788262700.0,1251931125.0,536331575.0
16.848,13.6502,24.2073,1785166075.0,1244431375.0,540734700.0
16.8114,13.6902,24.1804,1786245575.0,1254771950.0,531473625.0
16.8226,13.6157,24.1959,1793495150.0,1249870775.0,543624375.0
16.7782,13.6579,24.0372,1790694775.0,1252365075.0,538329700.0
16.8112,13.644,24.2353,1788167900.0,1253434400.0,534733500.0
16.7501,13.6342,24.0795,1787178400.0,1254061100.0,533117300.0
16.7028,13.6174,23.9759,1788319450.0,1255647025.0,532672425.0
16.7522,13.6259,24.0817,1790282675.0,1254975025.0,535307650.0
16.8181,13.6968,24.2731,1785387600.0,1258485900.0,526901700.0
16.8318,13.6418,24.2412,1790486350.0,1251632800.0,538853550.0
16.7987,13.6454,24.1792,1790194500.0,1254295450.0,535899050.0
16.7393,13.6415,24.1101,1779708200.0,1253072750.0,526635450.0
16.8582,13.6849,24.1999,1785230500.0,1246472150.0,538758350.0
16.7975,13.6541,24.2302,1786317750.0,1255398800.0,530918950.0
16.765,13.6556,24.0593,1790059125.0,1255046425.0,535012700.0
16.7381,13.6229,24.0929,1792270125.0,1259002250.0,533267875.0
16.7796,13.6273,24.187,1782755850.0,1250561375.0,532194475.0
16.8404,13.6202,24.2892,1790705775.0,1250231900.0,540473875.0
16.8418,13.7022,24.1654,1787720575.0,1251301825.0,536418750.0
16.8365,13.7015,24.2213,1791159250.0,1257365275.0,533793975.0
16.827,13.6193,24.3026,1790427675.0,1252835250.0,537592425.0
16.8233,13.6736,24.2047,1790106525.0,1254714850.0,535391675.0
16.717,13.5976,24.0335,1782124750.0,1249429050.0,532695700.0
16.8133,13.685,24.0894,1793381200.0,1254167350.0,539213850.0
16.8675,13.644,24.3865,1795479800.0,1256709875.0,538769925.0
16.7755,13.6795,24.1244,1789902675.0,1259359775.0,530542900.0
16.8853,13.7002,24.2986,1794972300.0,1255541450.0,539430850.0
16.7805,13.6568,24.1959,1788059825.0,1258088425.0,529971400.0
16.8371,13.645,24.2461,1790224225.0,1251166650.0,539057575.0
16.8264,13.648,24.27,1788333350.0,1253216450.0,535116900.0
16.7727,13.5897,24.1639,1787828000.0,1249662625.0,538165375.0
16.8518,13.6901,24.1239,1788778950.0,1246735375.0,542043575.0
16.8117,13.6198,24.3054,1784531200.0,1251476075.0,533055125.0
16.7995,13.6537,24.1071,1790374925.0,1251597375.0,538777550.0
16.8149,13.6788,24.125,1792626800.0,1254458850.0,538167950.0
16.8464,13.6566,24.2537,1789011100.0,1250513600.0,538497500.0
16.7572,13.6614,24.0386,1786176475.0,1253310550.0,532865925.0
16.8136,13.6737,24.2059,1790295450.0,1256567375.0,533728075.0
16.7325,13.6534,23.9547,1794513150.0,1258139700.0,536373450.0
16.7753,13.6298,24.2134,1791505775.0,1259067225.0,532438550.0
16.7725,13.6107,24.1212,1785726675.0,1248545125.0,537181550.0
16.7734,13.6331,24.1456,1785099925.0,1251860450.0,533239475.0
16.8143,13.6723,24.1223,1790649700.0,1252246800.0,538402900.0
16.8512,13.6484,24.3654,1788963600.0,1254323950.0,534639650.0
16.8779,13.7079,24.253,1792970350.0,1253981675.0,538988675.0
16.7839,13.6507,24.1307,1788458150.0,1253763850.0,534694300.0
16.852,13.6393,24.2804,1792444750.0,1251285975.0,541158775.0
16.8263,13.6702,24.2125,1788855725.0,1253318250.0,535537475.0
16.8019,13.6533,24.1991,1790337800.0,1255814325.0,534523475.0
16.7606,13.6858,23.9175,1788057500.0,1250714900.0,537342600.0
16.8235,13.6534,24.2585,1787491675.0,1253172900.0,534318775.0
16.8171,13.6517,24.234,1784352675.0,1250613675.0,533739000.0
16.7754,13.6578,24.133,1789303925.0,1256779275.0,532524650.0
16.7342,13.6414,24.0357,1786218275.0,1254731025.0,531487250.0
16.8249,13.6497,24.1814,1783613225.0,1245882000.0,537731225.0
16.8426,13.6685,24.3156,1791883450.0,1257686600.0,534196850.0
16.7806,13.6569,23.9546,1790379800.0,1247289925.0,543089875.0
16.7924,13.6424,24.0682,1798424475.0,1255051550.0,543372925.0
16.7959,13.6488,24.1139,1791475175.0,1252741800.0,538733375.0
16.7451,13.6064,24.0579,1786651650.0,1250100525.0,536551125.0
16.7791,13.6634,24.1419,1790090400.0,1257825075.0,532265325.0
16.8051,13.6523,24.2098,1791788475.0,1256695525.0,535092950.0
16.7889,13.6466,24.1743,1787278925.0,1253808025.0,533470900.0
16.7988,13.6784,24.127,1785713150.0,1252420200.0,533292950.0
16.7835,13.6325,24.1255,1787542325.0,1250762150.0,536780175.0
16.7928,13.6073,24.2287,1794922375.0,1256595925.0,538326450.0
16.8363,13.6737,24.2116,1791130875.0,1253579200.0,537551675.0
16.8498,13.6881,24.2022,1788715625.0,1250838525.0,537877100.0
16.8589,13.6509,24.2921,1789369525.0,1249936100.0,539433425.0
16.7429,13.6226,24.0606,1789504425.0,1254567325.0,534937100.0
16.7702,13.6165,24.1219,1788838725.0,1251819050.0,537019675.0
16.8134,13.6532,24.2115,1784806475.0,1250599475.0,534207000.0
16.7883,13.672,24.1352,1789744750.0,1256689925.0,533054825.0
16.8051,13.6807,24.148,1786131725.0,1252992825.0,533138900.0
16.767,13.6715,24.0136,1794444500.0,1257351000.0,537093500.0
16.7616,13.6208,24.2022,1792651000.0,1260542600.0,532108400.0
16.7824,13.6149,24.1695,1782808825.0,1247779725.0,535029100.0
16.7588,13.6588,24.1284,1788659025.0,1259045500.0,529613525.0
16.7945,13.6185,24.1829,1787298300.0,1249978400.0,537319900.0
16.769,13.6454,24.0355,1788267000.0,1250655750.0,537611250.0
16.8122,13.6751,24.0998,1791953825.0,1252692025.0,539261800.0
16.8508,13.7146,24.1331,1788593100.0,1250197625.0,538395475.0
16.7451,13.6292,24.1051,1785055000.0,1254123450.0,530931550.0
16.8151,13.6292,24.2855,1787776325.0,1253287125.0,534489200.0
16.7292,13.6247,24.1239,1787796675.0,1259161300.0,528635375.0
16.7446,13.6783,23.8812,1786108625.0,1249334125.0,536774500.0
16.8605,13.5968,24.4771,1788256000.0,1251835975.0,536420025.0
16.7223,13.6427,24.0264,1785819675.0,1256176225.0,529643450.0
16.807,13.6408,24.2197,1793331450.0,1256599575.0,536731875.0
16.8017,13.6438,24.1653,1787522650.0,1251030000.0,536492650.0
16.7861,13.6623,24.0694,1789957650.0,1252674225.0,537283425.0
16.8667,13.6719,24.3683,1784739025.0,1251675250.0,533063775.0
16.8142,13.6814,24.1138,1782452425.0,1247188075.0,535264350.0
16.7646,13.6547,24.0045,1785277150.0,1248825200.0,536451950.0
16.7655,13.6903,24.0296,1783142525.0,1252795325.0,530347200.0
16.8048,13.681,24.224,1785007925.0,1256135000.0,528872925.0
16.7726,13.6063,24.1015,1785639550.0,1246930575.0,538708975.0
16.7736,13.667,24.0269,1790320325.0,1253460900.0,536859425.0
16.8021,13.6583,24.1551,1789599150.0,1253612250.0,535986900.0
16.7765,13.6546,24.0997,1786290450.0,1252398050.0,533892400.0
16.7512,13.6271,24.144,1780533400.0,1251615325.0,528918075.0
16.8138,13.6776,24.1475,1781784450.0,1248067225.0,533717225.0
16.716,13.6223,24.0011,1779238775.0,1248878150.0,530360625.0
16.7942,13.6164,24.2283,1788912875.0,1253217625.0,535695250.0
16.8141,13.6565,24.1713,1783855200.0,1248158200.0,535697000.0
16.831,13.6685,24.2031,1788449525.0,1251546000.0,536903525.0
16.7974,13.6161,24.2547,1791300975.0,1255649050.0,535651925.0
16.8723,13.686,24.2703,1791173850.0,1251948650.0,539225200.0
16.7239,13.585,24.1354,1789349550.0,1256992800.0,532356750.0
16.7955,13.6768,24.0697,1789697200.0,1252642125.0,537055075.0
16.8465,13.6697,24.2754,1789207025.0,1253275600.0,535931425.0
16.7643,13.6642,24.0692,1789727050.0,1256483200.0,533243850.0
16.7608,13.6151,24.1198,1789293275.0,1253482925.0,535810350.0
16.779,13.6223,24.1329,1785219650.0,1249068875.0,536150775.0
16.8302,13.6773,24.21,1786111625.0,1251440025.0,534671600.0
16.7596,13.6541,24.0436,1788545550.0,1253927800.0,534617750.0
16.7639,13.6292,24.1488,1789181975.0,1256035975.0,533146000.0
16.8398,13.6763,24.1974,1791212000.0,1252629000.0,538583000.0
16.7028,13.6001,23.9169,1790605700.0,1252104475.0,538501225.0
16.7961,13.6544,24.1403,1789248800.0,1253171600.0,536077200.0
16.7966,13.6747,24.1242,1789666850.0,1254985125.0,534681725.0
16.7777,13.6262,24.1744,1786872575.0,1253003600.0,533868975.0
16.8384,13.6629,24.1987,1791215000.0,1251330200.0,539884800.0
16.8146,13.675,24.2168,1790865125.0,1257505150.0,533359975.0
16.859,13.6831,24.308,1785635650.0,1251898675.0,533736975.0
16.8177,13.6689,24.2033,1782536200.0,1249714050.0,532822150.0
16.8845,13.7055,24.3129,1788112325.0,1252217225.0,535895100.0
16.8829,13.7057,24.2637,1790757525.0,1251881500.0,538876025.0
16.8145,13.6217,24.2836,1791471075.0,1254998725.0,536472350.0
16.8357,13.6795,24.2353,1786015775.0,1251997200.0,534018575.0
16.7871,13.6797,24.1204,1789048900.0,1256580875.0,532468025.0
16.7691,13.643,24.0512,1789730350.0,1252180475.0,537549875.0
16.7901,13.6965,24.0341,1787158150.0,1252349125.0,534809025.0
16.8291,13.6584,24.1938,1795550225.0,1255168875.0,540381350.0
16.8684,13.6492,24.3619,1788460800.0,1251023900.0,537436900.0
16.7783,13.6323,24.1058,1787819875.0,1250803200.0,537016675.0
16.8115,13.6598,24.1844,1785867300.0,1251075925.0,534791375.0
16.8067,13.6427,24.2146,1787683275.0,1252657050.0,535026225.0
16.8514,13.6429,24.2889,1786234825.0,1247902325.0,538332500.0
16.8021,13.6915,24.1134,1782767050.0,1250662275.0,532104775.0
16.7515,13.6606,23.9511,1790049100.0,1252373475.0,537675625.0
16.8473,13.6509,24.2996,1793483625.0,1255143200.0,538340425.0
16.8547,13.6391,24.2954,1786387125.0,1247347100.0,539040025.0
16.8039,13.6742,24.0929,1785194925.0,1248935575.0,536259350.0
16.7952,13.6503,24.1904,1793016900.0,1258028425.0,534988475.0
16.796,13.6553,24.1978,1788306750.0,1255559025.0,532747725.0
16.8582,13.6928,24.2602,1792072700.0,1255269250.0,536803450.0
16.782,13.6593,24.1124,1786098100.0,1252517000.0,533581100.0
16.81,13.6622,24.1471,1790745600.0,1253118275.0,537627325.0
16.83,13.6715,24.192,1789031775.0,1251921850.0,537109925.0
16.8511,13.6671,24.2605,1790680550.0,1252460875.0,538219675.0
16.8526,13.665,24.2429,1790687200.0,1251059425.0,539627775.0
16.8193,13.6705,24.1965,1780577975.0,1247925600.0,532652375.0
16.7193,13.6123,24.0329,1787300200.0,1254406325.0,532893875.0
16.8153,13.6303,24.2546,1779266225.0,1245864425.0,533401800.0
16.7643,13.5976,24.1901,1791633050.0,1256014800.0,535618250.0
16.7641,13.6258,24.1834,1791774625.0,1259163350.0,532611275.0
16.8826,13.6724,24.3391,1795847475.0,1255378050.0,540469425.0
16.8225,13.6038,24.2929,1786070950.0,1248245375.0,537825575.0
16.7735,13.6063,24.1238,1789160875.0,1250369450.0,538791425.0
16.8518,13.6675,24.1932,1795185300.0,1252096800.0,543088500.0
16.7774,13.6773,24.0868,1790170225.0,1257037650.0,533132575.0
16.8231,13.6654,24.1465,1787220925.0,1248764100.0,538456825.0
16.7894,13.6123,24.1725,1791931550.0,1252825275.0,539106275.0
16.8564,13.6792,24.1754,1789929825.0,1248118625.0,541811200.0
16.7675,13.6725,23.9774,1793657825.0,1254945950.0,538711875.0
16.7888,13.6539,24.1436,1787991000.0,1253648400.0,534342600.0
16.838,13.6496,24.2988,1782883900.0,1249073200.0,533810700.0
16.7688,13.6583,24.0882,1788511100.0,1255134575.0,533376525.0
16.7845,13.6456,24.1344,1781563475.0,1248410175.0,533153300.0
16.7767,13.6023,24.1554,1791560400.0,1252661075.0,538899325.0
16.8431,13.6627,24.2695,1791905050.0,1254611200.0,537293850.0
16.8662,13.6722,24.2592,1786801500.0,1247732800.0,539068700.0
16.8254,13.6677,24.1702,1789304525.0,1251330975.0,537973550.0
16.8508,13.6672,24.2892,1789878375.0,1253420925.0,536457450.0
16.8058,13.6649,24.2035,1786438275.0,1254016675.0,532421600.0
16.7738,13.6669,24.1263,1784633100.0,1254528325.0,530104775.0
16.7621,13.6118,24.1626,1789075300.0,1254888500.0,534186800.0
16.781,13.638,24.2351,1792340675.0,1260750650.0,531590025.0
16.7881,13.6532,24.1262,1793993975.0,1256993425.0,537000550.0
16.7757,13.6552,24.088,1791061275.0,1255345725.0,535715550.0
16.8207,13.6534,24.1461,1788656350.0,1248732525.0,539923825.0
16.8062,13.6648,24.0842,1796985700.0,1255208325.0,541777375.0
16.7822,13.6626,24.0424,1790333425.0,1252254850.0,538078575.0
16.7551,13.6389,24.0391,1785720525.0,1250669950.0,535050575.0
16.8685,13.6643,24.2898,1792782450.0,1252166900.0,540615550.0
16.8149,13.6738,24.1759,1779444950.0,1247224400.0,532220550.0
16.818,13.7468,24.0412,1784399300.0,1252051675.0,532347625.0
16.7477,13.6536,23.9828,1786102125.0,1251070500.0,535031625.0
16.8183,13.6363,24.2024,1787348325.0,1249083225.0,538265100.0
16.8418,13.6734,24.1488,1794494600.0,1251729375.0,542765225.0
16.8197,13.6997,24.1117,1786176875.0,1250930450.0,535246425.0
16.8239,13.6878,24.1758,1787951250.0,1253313325.0,534637925.0
16.821,13.6655,24.188,1786548875.0,1250787250.0,535761625.0
16.806,13.6683,24.1436,1786241200.0,1251200125.0,535041075.0
16.8107,13.6229,24.1773,1788010125.0,1247970775.0,540039350.0
16.8449,13.7168,24.1399,1786791875.0,1250562875.0,536229000.0
16.7605,13.6796,23.9976,1792467650.0,1257243675.0,535223975.0
16.8485,13.689,24.1932,1790200075.0,1251740075.0,538460000.0
16.8433,13.6839,24.2782,1792332250.0,1257818575.0,534513675.0
16.8179,13.6215,24.3159,1793890825.0,1257725275.0,536165550.0
16.8209,13.6598,24.2053,1784215475.0,1249372725.0,534842750.0
16.7414,13.6321,23.9832,1790523425.0,1252673925.0,537849500.0
16.8387,13.6551,24.2991,1793111675.0,1256797850.0,536313825.0
16.7599,13.6495,24.023,1791607850.0,1254414375.0,537193475.0
16.8286,13.6293,24.2779,1786838375.0,1249988725.0,536849650.0
16.8278,13.6557,24.1507,1785219350.0,1245634450.0,539584900.0
16.8471,13.6783,24.2985,1788531475.0,1254885225.0,533646250.0
16.8352,13.6269,24.4029,1789844100.0,1256950700.0,532893400.0
16.8014,13.6655,24.1893,1789127450.0,1256010050.0,533117400.0
16.8595,13.6752,24.1781,1791737600.0,1248517550.0,543220050.0
16.8239,13.6923,24.1146,1790837475.0,1252735675.0,538101800.0
16.8099,13.6503,24.0799,1793064875.0,1249862450.0,543202425.0
16.7017,13.5792,23.9741,1790379700.0,1252568050.0,537811650.0
16.7617,13.6743,24.0151,1785804250.0,1252622375.0,533181875.0
16.8682,13.6891,24.2381,1789787000.0,1250416550.0,539370450.0
16.839,13.6665,24.2921,1791657675.0,1256716975.0,534940700.0
16.757,13.5953,24.2226,1783226225.0,1252703200.0,530523025.0
16.7987,13.6804,24.1067,1789703175.0,1254432525.0,535270650.0
16.7553,13.5948,24.1254,1787139725.0,1250769450.0,536370275.0
16.7994,13.6784,24.1112,1787042175.0,1252440400.0,534601775.0
16.8045,13.6818,24.1533,1787713050.0,1254590325.0,533122725.0
16.8665,13.6835,24.2541,1784813075.0,1247372675.0,537440400.0
16.8002,13.6576,24.1227,1786385975.0,1249939800.0,536446175.0
16.7965,13.6488,24.1771,1788845175.0,1254023800.0,534821375.0
16.7587,13.579,24.2122,1793030300.0,1256841075.0,536189225.0
16.8271,13.6685,24.2513,1790186650.0,1255885675.0,534300975.0
16.8298,13.6746,24.195,1788896875.0,1252381625.0,536515250.0
16.8638,13.658,24.3002,1784671475.0,1247071900.0,537599575.0
16.7362,13.6423,24.0157,1790292475.0,1256321325.0,533971150.0
16.8011,13.6407,24.2249,1786659600.0,1253172025.0,533487575.0
16.7942,13.6602,24.1797,1790162925.0,1256834450.0,533328475.0
16.8057,13.618,24.2404,1790133975.0,1252917525.0,537216450.0
16.8243,13.712,24.1313,1784540950.0,1251482350.0,533058600.0
16.8046,13.6388,24.2327,1785696550.0,1252084625.0,533611925.0
16.7703,13.635,24.0994,1792572975.0,1255487300.0,537085675.0
16.8447,13.6362,24.2704,1792388250.0,1251591300.0,540796950.0
16.8144,13.6227,24.25,1783009425.0,1247527800.0,535481625.0
16.7662,13.6578,24.1037,1789505375.0,1256994675.0,532510700.0
16.7888,13.6443,24.1762,1783128600.0,1250738650.0,532389950.0
16.7983,13.6301,24.2048,1794398000.0,1256795150.0,537602850.0
16.7825,13.5997,24.2086,1785477575.0,1249808825.0,535668750.0
16.8386,13.6421,24.2155,1780210500.0,1242026250.0,538184250.0
16.7425,13.6441,23.9667,1788127125.0,1251412650.0,536714475.0
16.7839,13.6447,24.1938,1787775200.0,1255776075.0,531999125.0
16.7646,13.6115,24.1227,1784746850.0,1249369050.0,535377800.0
16.7493,13.6316,24.0553,1785288750.0,1251313275.0,533975475.0
16.73,13.6221,24.0181,1799052000.0,1261224925.0,537827075.0
16.8168,13.6521,24.201,1781756600.0,1247224050.0,534532550.0
16.7953,13.6625,24.1407,1781988100.0,1249197875.0,532790225.0
16.7318,13.6089,23.9938,1793816525.0,1254395375.0,539421150.0
16.8004,13.664,24.1961,1788450800.0,1255863400.0,532587400.0
16.7692,13.6578,24.1448,1787462950.0,1257145075.0,530317875.0
16.7466,13.6314,24.0734,1783633650.0,1251523675.0,532109975.0
16.7647,13.6174,24.1336,1783820625.0,1249949725.0,533870900.0
16.8024,13.6574,24.2049,1784862900.0,1252667750.0,532195150.0
16.7776,13.6027,24.1715,1786562400.0,1249868150.0,536694250.0
16.8011,13.6737,24.1443,1790578150.0,1255766525.0,534811625.0
16.7813,13.6511,24.0854,1790343375.0,1253252000.0,537091375.0
16.8025,13.6873,24.1402,1788675950.0,1255613200.0,533062750.0
16.7522,13.6354,24.1393,1791302900.0,1259767425.0,531535475.0
16.8077,13.632,24.2408,1795688225.0,1258168050.0,537520175.0
16.8769,13.7164,24.2467,1793946825.0,1255535800.0,538411025.0
16.8051,13.6635,24.1348,1794735775.0,1256273150.0,538462625.0
16.8091,13.6804,24.0455,1786826900.0,1247475175.0,539351725.0
16.8142,13.6381,24.2384,1785143075.0,1250264325.0,534878750.0
16.7804,13.6315,24.1248,1785971275.0,1250028375.0,535942900.0
16.7595,13.6538,24.0382,1785577925.0,1251557075.0,534020850.0
16.8761,13.6848,24.2711,1791252150.0,1251257425.0,539994725.0
16.7791,13.6607,24.111,1788712500.0,1254958750.0,533753750.0
16.7946,13.6905,24.0645,1785981000.0,1251579975.0,534401025.0
16.815,13.6661,24.1472,1794479900.0,1255362350.0,539117550.0
16.8813,13.7023,24.2899,1788243975.0,1251303850.0,536940125.0
16.794,13.6157,24.1264,1792193200.0,1250255400.0,541937800.0
16.8397,13.6556,24.2901,1787363675.0,1252205800.0,535157875.0
16.7263,13.6546,23.9971,1783008325.0,1253455575.0,529552750.0
16.8911,13.654,24.3784,1793757925.0,1252330825.0,541427100.0
16.7338,13.643,23.9824,1790569050.0,1255305275.0,535263775.0
16.7057,13.6587,23.8942,1790309325.0,1257356925.0,532952400.0
16.7813,13.6692,24.0727,1787565900.0,1252827575.0,534738325.0
16.7891,13.6537,24.1025,1791112950.0,1253659275.0,537453675.0
16.7854,13.6521,24.0451,1793731125.0,1252961775.0,540769350.0
16.8318,13.671,24.2383,1787386375.0,1252760525.0,534625850.0
16.735,13.6288,24.0699,1787122375.0,1255470625.0,531651750.0
16.7894,13.6282,24.2442,1788073250.0,1255627200.0,532446050.0
16.8285,13.7022,24.1114,1790857900.0,1252994300.0,537863600.0
16.7556,13.6426,24.0362,1789320575.0,1253396450.0,535924125.0
16.7554,13.6191,24.0456,1795935350.0,1255708525.0,540226825.0
16.7858,13.6553,24.2351,1785789525.0,1257387025.0,528402500.0
16.8683,13.6831,24.2434,1790057400.0,1250142825.0,539914575.0
16.7976,13.622,24.1713,1786184400.0,1248488125.0,537696275.0
16.7942,13.642,24.1561,1792813450.0,1255316325.0,537497125.0
16.826,13.6499,24.2855,1792164775.0,1256976500.0,535188275.0
16.8002,13.6465,24.1993,1789571500.0,1254764375.0,534807125.0
16.7813,13.6983,24.0198,1789202825.0,1254784650.0,534418175.0
16.8183,13.6612,24.1205,1786613650.0,1247341225.0,539272425.0
16.8514,13.643,24.2594,1786593075.0,1246650800.0,539942275.0
16.7534,13.5989,24.151,1782406500.0,1249557150.0,532849350.0
16.8315,13.6583,24.3111,1794685725.0,1260099650.0,534586075.0
16.7769,13.6291,24.2111,1784944625.0,1253982400.0,530962225.0
16.8637,13.6545,24.2427,1793715375.0,1250041250.0,543674125.0
16.8097,13.6268,24.2874,1786381675.0,1253028225.0,533353450.0
16.7715,13.6585,24.0975,1794473525.0,1259346950.0,535126575.0
16.826,13.6493,24.2062,1784761650.0,1247712075.0,537049575.0
16.7411,13.6372,24.0444,1791384000.0,1257115800.0,534268200.0
16.7888,13.6496,24.133,1789647775.0,1253735825.0,535911950.0
16.7113,13.648,23.951,1795767175.0,1261860225.0,533906950.0
16.7857,13.6582,24.0962,1793882225.0,1256386750.0,537495475.0
16.7879,13.6277,24.1208,1792644600.0,1252753950.0,539890650.0
16.7822,13.6277,24.1168,1791916825.0,1253015225.0,538901600.0
16.8038,13.6594,24.1591,1791570550.0,1255039675.0,536530875.0
16.8042,13.6694,24.1203,1784951125.0,1249551025.0,535400100.0
16.8308,13.6611,24.3082,1787924300.0,1255649600.0,532274700.0
16.7243,13.604,23.9959,1788751700.0,1251645125.0,537106575.0
16.8189,13.6587,24.2766,1784302875.0,1253237800.0,531065075.0
16.8339,13.6551,24.2739,1789096500.0,1253525600.0,535570900.0
16.8038,13.6814,24.089,1796047875.0,1257214800.0,538833075.0
16.7574,13.6139,24.0921,1788502650.0,1251945500.0,536557150.0
16.7755,13.6414,24.0637,1786575450.0,1249327375.0,537248075.0
16.7652,13.628,24.0928,1784846475.0,1249781950.0,535064525.0
16.8365,13.6505,24.1722,1792962750.0,1250039875.0,542922875.0
16.7983,13.6659,24.1947,1789495850.0,1257113175.0,532382675.0
16.8134,13.6379,24.2697,1788093700.0,1254033650.0,534060050.0
16.8898,13.7003,24.3496,1784534175.0,1250068400.0,534465775.0
16.749,13.627,24.0596,1784625000.0,1250556775.0,534068225.0
16.8568,13.7347,24.1211,1787665450.0,1250300975.0,537364475.0
16.8029,13.6637,24.1406,1790941950.0,1254325275.0,536616675.0
16.8182,13.6532,24.1942,1783710100.0,1248135100.0,535575000.0
16.8658,13.6832,24.2219,1788127050.0,1248131700.0,539995350.0
16.779,13.6283,24.2027,1785122825.0,1253227825.0,531895000.0
16.8664,13.6926,24.298,1788758600.0,1253445925.0,535312675.0
16.7908,13.6442,24.1092,1781253050.0,1245660375.0,535592675.0
16.8467,13.6771,24.2674,1788132625.0,1252959975.0,535172650.0
16.8438,13.6983,24.13,1794757825.0,1253580900.0,541176925.0
16.7957,13.6285,24.1721,1785595725.0,1249220500.0,536375225.0
16.8339,13.6913,24.1194,1796468900.0,1255083575.0,541385325.0
16.8041,13.6043,24.2513,1800970350.0,1259713400.0,541256950.0
16.818,13.6632,24.2882,1793344775.0,1260858475.0,532486300.0
16.7993,13.6167,24.2201,1784080950.0,1248595250.0,535485700.0
16.7719,13.5899,24.1424,1791452325.0,1251256125.0,540196200.0
16.7713,13.6389,24.0555,1790960550.0,1252401475.0,538559075.0
16.7543,13.6125,24.0207,1784994600.0,1246186200.0,538808400.0
16.7697,13.6857,24.0608,1790951200.0,1258589700.0,532361500.0
16.8003,13.6842,24.1274,1784324725.0,1251896300.0,532428425.0
16.771,13.6876,24.0532,1788105050.0,1256210000.0,531895050.0
16.8177,13.6488,24.2073,1789790700.0,1252615575.0,537175125.0
16.8371,13.664,24.2831,1785673950.0,1252097800.0,533576150.0
16.7712,13.6337,24.1616,1788835450.0,1255740900.0,533094550.0
16.8414,13.6833,24.1901,1788794625.0,1251125125.0,537669500.0
16.8016,13.6698,24.2488,1783490375.0,1255508700.0,527981675.0
16.7575,13.6459,24.0761,1785528000.0,1252858725.0,532669275.0
16.8092,13.6129,24.1957,1779985050.0,1242382075.0,537602975.0
16.8162,13.6647,24.1775,1791538850.0,1254481300.0,537057550.0
16.8551,13.7131,24.3429,1774646500.0,1250080950.0,524565550.0
16.8055,13.602,24.2818,1791958875.0,1254439800.0,537519075.0
16.8475,13.6197,24.4156,1789957275.0,1254776200.0,535181075.0
16.8631,13.7001,24.2236,1791287975.0,1252885000.0,538402975.0
16.8282,13.6134,24.2358,1786600925.0,1245891950.0,540708975.0
16.8392,13.6859,24.1965,1787719675.0,1251381075.0,536338600.0
16.8147,13.6549,24.158,1793458525.0,1253901950.0,539556575.0
16.7959,13.6362,24.2093,1788967275.0,1254338275.0,534629000.0
16.7844,13.647,24.0298,1785708000.0,1246113625.0,539594375.0
16.7898,13.6575,24.1231,1785223350.0,1250911625.0,534311725.0
16.8371,13.663,24.2815,1790283350.0,1255133075.0,535150275.0
16.7943,13.5875,24.3172,1789901900.0,1254958225.0,534943675.0
16.7581,13.7211,23.9052,1787113825.0,1254194150.0,532919675.0
16.8292,13.6784,24.1853,1788594950.0,1252239325.0,536355625.0
16.838,13.6381,24.3191,1786488975.0,1251270900.0,535218075.0
16.8147,13.6726,24.1432,1789179425.0,1252274550.0,536904875.0
16.8065,13.6917,24.1344,1788717575.0,1255194375.0,533523200.0
16.8054,13.6245,24.2807,1788565800.0,1254671350.0,533894450.0
16.8252,13.6324,24.2625,1783362500.0,1247714175.0,535648325.0
16.8145,13.6568,24.2094,1788703975.0,1253452350.0,535251625.0
16.8426,13.6737,24.2855,1788187975.0,1254197650.0,533990325.0
16.7498,13.6324,24.0998,1786876125.0,1254714475.0,532161650.0
16.8306,13.6558,24.2396,1785708550.0,1250044175.0,535664375.0
16.7598,13.6522,24.1267,1784629375.0,1255151025.0,529478350.0
16.8068,13.67,24.1126,1797776550.0,1257747150.0,540029400.0
16.7325,13.6142,23.9939,1785018750.0,1248749025.0,536269725.0
16.789,13.6424,24.2466,1788268575.0,1257641600.0,530626975.0
16.7724,13.6091,24.0852,1790627025.0,1249947725.0,540679300.0
16.8137,13.7197,24.0831,1784398500.0,1251674275.0,532724225.0
16.8483,13.6741,24.1774,1787961550.0,1247630950.0,540330600.0
16.7632,13.6509,24.0524,1784766050.0,1250734575.0,534031475.0
16.8105,13.6728,24.1097,1791688350.0,1253035150.0,538653200.0
16.8208,13.6748,24.205,1783145525.0,1250421025.0,532724500.0
16.828,13.6231,24.2474,1791151000.0,1250834625.0,540316375.0
16.7416,13.6012,24.0523,1790693225.0,1252615325.0,538077900.0
16.8279,13.6588,24.2595,1785313900.0,1251602500.0,533711400.0
16.8217,13.6475,24.174,1791567750.0,1251327875.0,540239875.0
16.7484,13.6845,23.9567,1787681900.0,1254457300.0,533224600.0
16.8025,13.6625,24.1591,1788978825.0,1253820225.0,535158600.0
16.8043,13.6808,24.2156,1777867100.0,1250732175.0,527134925.0
16.8294,13.6825,24.2101,1784604525.0,1251144750.0,533459775.0
16.7798,13.6404,24.0812,1791286625.0,1252676325.0,538610300.0
16.8026,13.6974,24.016,1793839500.0,1254009650.0,539829850.0
16.8432,13.6541,24.2287,1796209525.0,1254500850.0,541708675.0
16.8351,13.6728,24.2298,1784548625.0,1249997775.0,534550850.0
16.8559,13.6294,24.4208,1795813025.0,1258885200.0,536927825.0
16.8293,13.6311,24.1987,1790072775.0,1248319125.0,541753650.0
16.8178,13.6245,24.2654,1789230100.0,1252284100.0,536946000.0
16.822,13.6487,24.1506,1787376900.0,1247298725.0,540078175.0
16.7397,13.6172,24.0938,1795192700.0,1260138525.0,535054175.0
16.7523,13.6423,24.0629,1792583800.0,1257583525.0,535000275.0
16.8551,13.6642,24.4664,1784686725.0,1257502125.0,527184600.0
16.7888,13.6147,24.2406,1789199475.0,1254742225.0,534457250.0
16.8586,13.7119,24.1779,1784730650.0,1248141025.0,536589625.0
16.7876,13.6903,24.0843,1789094300.0,1255957100.0,533137200.0
16.8237,13.6702,24.2088,1788237700.0,1253133575.0,535104125.0
16.8107,13.6778,24.1561,1789992100.0,1254807325.0,535184775.0
16.8263,13.6681,24.1821,1798089675.0,1257979425.0,540110250.0
16.8548,13.6344,24.38,1784349975.0,1249588725.0,534761250.0
16.7755,13.6151,24.0911,1793217575.0,1252236750.0,540980825.0
16.7611,13.6506,24.0673,1783673475.0,1251064975.0,532608500.0
16.7973,13.6294,24.0979,1789122225.0,1247707300.0,541414925.0
16.8052,13.6571,24.1943,1784292225.0,1251217675.0,533074550.0
16.8233,13.6264,24.2913,1790401750.0,1253707350.0,536694400.0
16.7939,13.6367,24.1742,1789606825.0,1253398500.0,536208325.0
16.8715,13.6565,24.3174,1787608275.0,1248524525.0,539083750.0
16.8335,13.7058,24.2352,1792308575.0,1259923000.0,532385575.0
16.8036,13.6716,24.1661,1783720175.0,1251371500.0,532348675.0
16.7685,13.6503,24.0152,1789048025.0,1250832750.0,538215275.0
16.7781,13.6357,24.157,1788256550.0,1254152750.0,534103800.0
16.794,13.675,24.0311,1791101325.0,1251678275.0,539423050.0
16.7956,13.6433,24.1897,1791274000.0,1255862000.0,535412000.0
16.8287,13.6682,24.2359,1787101550.0,1252624075.0,534477475.0
16.7599,13.6465,24.0407,1789337225.0,1253367875.0,535969350.0
16.8167,13.6635,24.1427,1788314925.0,1250215325.0,538099600.0
16.7762,13.643,24.1268,1786590200.0,1252643100.0,533947100.0
16.8262,13.6643,24.1752,1790960450.0,1252191900.0,538768550.0
16.7819,13.6351,24.0456,1788616500.0,1247965025.0,540651475.0
16.7464,13.6321,24.0811,1792474700.0,1258241275.0,534233425.0
16.8143,13.6924,24.1071,1788688500.0,1252519600.0,536168900.0
16.8394,13.699,24.1854,1787979900.0,1252531900.0,535448000.0
16.732,13.6389,23.9815,1786888300.0,1252501075.0,534387225.0
16.7351,13.6298,24.0461,1790980175.0,1257059525.0,533920650.0
16.8229,13.6847,24.2148,1782547400.0,1251318275.0,531229125.0
16.8514,13.6463,24.32,1789523525.0,1252168750.0,537354775.0
16.7525,13.6478,24.0561,1792015025.0,1257475325.0,534539700.0
16.8372,13.6708,24.2704,1783626800.0,1250814575.0,532812225.0
16.7723,13.6243,24.1113,1790996600.0,1253380175.0,537616425.0
16.8116,13.6314,24.3301,1790531350.0,1258290225.0,532241125.0
16.7487,13.6494,23.9326,1787133500.0,1248511750.0,538621750.0
16.7589,13.6377,24.138,1788997600.0,1257219800.0,531777800.0
16.7986,13.649,24.1593,1787400425.0,1251769325.0,535631100.0
16.776,13.6082,24.1982,1780579675.0,1247949150.0,532630525.0
16.8643,13.6469,24.3414,1788813175.0,1250660800.0,538152375.0
16.8398,13.6476,24.2822,1792561825.0,1254485825.0,538076000.0
16.8144,13.6491,24.2284,1789465500.0,1254058675.0,535406825.0
16.8128,13.6747,24.1946,1796653875.0,1260702825.0,535951050.0
16.7859,13.6165,24.2064,1786080225.0,1251527900.0,534552325.0
16.9144,13.6816,24.4347,1791284575.0,1252753850.0,538530725.0
16.816,13.6491,24.2352,1791056750.0,1255253850.0,535802900.0
16.8078,13.6612,24.1502,1786976700.0,1250904475.0,536072225.0
16.7632,13.6485,24.0122,1782714750.0,1246945275.0,535769475.0
16.8584,13.7101,24.2236,1796157800.0,1258291500.0,537866300.0
16.804,13.6031,24.2589,1784031950.0,1248118550.0,535913400.0
16.7942,13.6646,24.1109,1785298500.0,1250438200.0,534860300.0
16.7625,13.6459,24.026,1787467775.0,1250777525.0,536690250.0
16.7578,13.5755,24.2267,1791850125.0,1256489525.0,535360600.0
16.835,13.6782,24.2567,1787911650.0,1254356950.0,533554700.0
16.898,13.6579,24.3499,1788745750.0,1246676375.0,542069375.0
16.8264,13.644,24.2276,1784560350.0,1247964775.0,536595575.0
16.7934,13.6604,24.0396,1784122825.0,1245578250.0,538544575.0
16.8183,13.6718,24.1504,1787983350.0,1251087500.0,536895850.0
16.7996,13.6634,24.1319,1786480250.0,1251273775.0,535206475.0
16.7632,13.621,24.0939,1788985250.0,1252244600.0,536740650.0
16.8059,13.6524,24.1486,1792776050.0,1254145750.0,538630300.0
16.8161,13.6982,24.1491,1787883375.0,1254498625.0,533384750.0
16.8337,13.6706,24.2693,1784911050.0,1252221175.0,532689875.0
16.8837,13.6724,24.3374,1791096950.0,1251778975.0,539317975.0
16.8122,13.6098,24.3241,1791526425.0,1256051150.0,535475275.0
16.7353,13.6245,24.0104,1789628175.0,1253600175.0,536028000.0
16.7535,13.6055,24.1697,1792268575.0,1258201175.0,534067400.0
16.8091,13.6739,24.0449,1790631875.0,1249310950.0,541320925.0
16.8013,13.6831,24.0521,1789995475.0,1251714825.0,538280650.0
16.7508,13.6265,24.0406,1787229150.0,1251055950.0,536173200.0
16.7841,13.685,24.0608,1791459700.0,1256381225.0,535078475.0
16.8563,13.6711,24.3832,1786666475.0,1255413100.0,531253375.0
16.7327,13.602,24.1415,1783342275.0,1253617125.0,529725150.0
16.799,13.6715,24.0642,1785930150.0,1248499425.0,537430725.0
16.7321,13.6416,24.0073,1794409125.0,1259413000.0,534996125.0
16.8086,13.6309,24.1994,1795926000.0,1255946500.0,539979500.0
16.782,13.6433,24.1617,1792569700.0,1257668950.0,534900750.0
16.8209,13.6653,24.2439,1787566400.0,1254325875.0,533240525.0
16.758,13.6516,23.9747,1786461525.0,1248892525.0,537569000.0
16.7824,13.604,24.2772,1792011175.0,1258354875.0,533656300.0
16.8656,13.7017,24.1784,1787465675.0,1247656400.0,539809275.0
16.824,13.681,24.1166,1786090350.0,1248146225.0,537944125.0
16.7568,13.6202,24.1066,1789104250.0,1253954900.0,535149350.0
16.7398,13.6283,24.017,1792824075.0,1255850525.0,536973550.0
16.8088,13.635,24.2014,1793767500.0,1254969525.0,538797975.0
16.8593,13.7063,24.2495,1788176750.0,1253422625.0,534754125.0
16.8905,13.6866,24.2107,1790659425.0,1245512125.0,545147300.0
16.7479,13.6548,23.969,1790560650.0,1253598000.0,536962650.0
16.7962,13.7111,23.9882,1784858125.0,1249056575.0,535801550.0
16.7759,13.6583,24.0965,1785704875.0,1252353150.0,533351725.0
16.8404,13.6785,24.1747,1789978275.0,1250764800.0,539213475.0
16.8677,13.6921,24.2446,1794627875.0,1254569950.0,540057925.0
16.8067,13.6535,24.2067,1785840575.0,1252253200.0,533587375.0
16.8142,13.6781,24.1522,1786078900.0,1251301800.0,534777100.0
16.7955,13.6463,24.1439,1785798775.0,1250082525.0,535716250.0
16.8164,13.6547,24.3228,1785619075.0,1256414975.0,529204100.0
16.7676,13.6162,24.1581,1787196375.0,1252925400.0,534270975.0
16.7854,13.6289,24.173,1790575175.0,1254552575.0,536022600.0
16.8138,13.6305,24.1172,1785877325.0,1243768325.0,542109000.0
16.8448,13.7126,24.2721,1792663375.0,1260907825.0,531755550.0
16.8126,13.6532,24.1449,1787961300.0,1249552125.0,538409175.0
16.7731,13.6492,24.0977,1788019925.0,1253427625.0,534592300.0
16.7923,13.6801,24.2201,1785824150.0,1258508600.0,527315550.0
16.7978,13.6661,24.1141,1788917400.0,1252701900.0,536215500.0
16.794,13.6114,24.1875,1789577650.0,1251054425.0,538523225.0
16.7877,13.6313,24.1206,1788180025.0,1250088675.0,538091350.0
16.8149,13.6651,24.2174,1784648800.0,1251935525.0,532713275.0
16.757,13.6528,24.0355,1789352900.0,1254375075.0,534977825.0
16.8516,13.6544,24.2568,1791378400.0,1251180300.0,540198100.0
16.8056,13.643,24.3023,1785208325.0,1255533500.0,529674825.0
16.803,13.6452,24.2618,1788809200.0,1256760625.0,532048575.0
16.7349,13.6088,24.0731,1792377875.0,1256917300.0,535460575.0
16.8433,13.7035,24.1841,1793152175.0,1255957675.0,537194500.0
16.6941,13.6227,23.9,1791762050.0,1256290325.0,535471725.0
16.838,13.6461,24.2739,1784593700.0,1248617000.0,535976700.0
16.8131,13.6317,24.191,1787949075.0,1249265750.0,538683325.0
16.8742,13.6746,24.317,1786314425.0,1249266675.0,537047750.0
16.8112,13.68,24.0909,1786499850.0,1249184925.0,537314925.0
16.8622,13.6651,24.3316,1793235525.0,1255746525.0,537489000.0
16.7581,13.6679,24.0446,1793754125.0,1259571275.0,534182850.0
16.8345,13.6919,24.2012,1787742650.0,1253157400.0,534585250.0
16.8713,13.7033,24.2082,1786503725.0,1247745625.0,538758100.0
16.8203,13.647,24.2919,1791539475.0,1257478975.0,534060500.0
16.7675,13.6688,24.0791,1791302300.0,1258111700.0,533190600.0
16.7815,13.6352,24.161,1786867475.0,1252749300.0,534118175.0
16.7934,13.6842,24.0437,1788913075.0,1252001850.0,536911225.0
16.8627,13.624,24.3271,1790306700.0,1248578450.0,541728250.0
16.8322,13.701,24.2244,1788083275.0,1256056700.0,532026575.0
16.7733,13.6992,23.9996,1788540525.0,1254763800.0,533776725.0
16.7392,13.6235,23.9248,1785252300.0,1245286800.0,539965500.0
16.7816,13.6208,24.199,1796552675.0,1259727725.0,536824950.0
16.8727,13.6408,24.3812,1793788800.0,1254023675.0,539765125.0
16.8512,13.6501,24.3411,1788547775.0,1253027750.0,535520025.0
16.8426,13.5959,24.4126,1789360875.0,1252269425.0,537091450.0
16.7457,13.6204,24.0724,1791488675.0,1255810225.0,535678450.0
16.8666,13.6664,24.3005,1789256525.0,1250807000.0,538449525.0
16.8236,13.6447,24.2751,1796577175.0,1259347450.0,537229725.0
16.8489,13.6616,24.2831,1792795100.0,1254805225.0,537989875.0
16.8239,13.662,24.1373,1786701825.0,1247385275.0,539316550.0
16.7645,13.6391,24.0567,1783054325.0,1248121425.0,534932900.0
16.8287,13.6581,24.2129,1791163150.0,1253110000.0,538053150.0
16.7904,13.604,24.103,1796714200.0,1251405575.0,545308625.0
16.7873,13.6459,24.2308,1792800675.0,1260728525.0,532072150.0
16.8176,13.6349,24.3036,1785500425.0,1252850100.0,532650325.0
16.7847,13.6598,24.168,1792410275.0,1259392475.0,533017800.0
16.792,13.6248,24.1705,1788930875.0,1251660625.0,537270250.0
16.7672,13.6169,24.1917,1789938575.0,1256704125.0,533234450.0
16.778,13.6671,24.1384,1782944725.0,1253264375.0,529680350.0
16.8084,13.667,24.1743,1785120275.0,1251407425.0,533712850.0
16.816,13.6927,24.1159,1791703325.0,1254813575.0,536889750.0
16.8076,13.7117,24.1178,1787361900.0,1255612400.0,531749500.0
16.7443,13.6109,24.0511,1785586500.0,1249684775.0,535901725.0
16.8475,13.6452,24.3715,1797047650.0,1260535175.0,536512475.0
16.7599,13.6236,24.0336,1786668375.0,1248385425.0,538282950.0
16.7477,13.6633,24.0084,1789258900.0,1255798625.0,533460275.0
16.8462,13.636,24.284,1796450925.0,1254858625.0,541592300.0
16.7679,13.6453,24.0846,1786905400.0,1252414425.0,534490975.0
16.7408,13.6191,24.1735,1784443975.0,1256659075.0,527784900.0
16.7455,13.6724,24.0296,1786481275.0,1256409850.0,530071425.0
16.8008,13.7017,24.088,1791486250.0,1256943725.0,534542525.0
16.8011,13.6363,24.169,1791541150.0,1253223975.0,538317175.0
16.7876,13.6753,24.1031,1791134900.0,1256539950.0,534594950.0
16.8448,13.6444,24.2329,1788719425.0,1248075300.0,540644125.0
16.8393,13.6849,24.2495,1784756175.0,1251856675.0,532899500.0
16.8733,13.7057,24.2875,1781421600.0,1248165300.0,533256300.0
16.8039,13.66,24.1745,1788327150.0,1253612550.0,534714600.0
16.8484,13.6663,24.1894,1795507000.0,1252555100.0,542951900.0
16.8101,13.6748,24.1311,1794129275.0,1256157800.0,537971475.0
16.7345,13.6172,24.0046,1786322100.0,1250242950.0,536079150.0
16.8426,13.6986,24.2433,1793111750.0,1258464650.0,534647100.0
16.8495,13.61,24.2669,1792594050.0,1247677500.0,544916550.0
16.7966,13.656,24.1222,1787522750.0,1251149200.0,536373550.0
16.841,13.6329,24.3397,1785099975.0,1250218425.0,534881550.0
16.8297,13.6736,24.1669,1787984000.0,1250210875.0,537773125.0
16.8361,13.6735,24.2017,1790325950.0,1252530475.0,537795475.0
16.7961,13.6866,24.1151,1788281900.0,1255062625.0,533219275.0
16.8139,13.6223,24.4016,1784481500.0,1256117750.0,528363750.0
16.8029,13.6147,24.2987,1787744025.0,1254264050.0,533479975.0
16.8306,13.673,24.2474,1787625900.0,1253822175.0,533803725.0
16.8334,13.6931,24.1946,1780694100.0,1248198600.0,532495500.0
16.7873,13.6526,24.0985,1795682700.0,1256814000.0,538868700.0
16.816,13.638,24.2594,1787067825.0,1252368275.0,534699550.0
16.7891,13.6231,24.1452,1790455500.0,1251732825.0,538722675.0
16.8301,13.6751,24.152,1780421400.0,1244269025.0,536152375.0
16.7957,13.6398,24.1869,1787205375.0,1252434875.0,534770500.0
16.8539,13.6985,24.1961,1795214900.0,1255592975.0,539621925.0
16.8744,13.6869,24.2722,1789401825.0,1250567275.0,538834550.0
16.7695,13.6576,24.0779,1786792275.0,1253192875.0,533599400.0
16.801,13.6487,24.1407,1788562525.0,1251188225.0,537374300.0
16.8168,13.6679,24.1859,1788990950.0,1253389050.0,535601900.0
16.8345,13.6401,24.2627,1790755325.0,1252257100.0,538498225.0
16.7913,13.6225,24.2441,1789021600.0,1255295150.0,533726450.0
16.8305,13.6697,24.1921,1779704500.0,1245107000.0,534597500.0
16.8247,13.6414,24.2607,1790213650.0,1253575950.0,536637700.0
16.8055,13.6936,24.0091,1782922925.0,1245072450.0,537850475.0
16.7543,13.6561,23.9377,1786891250.0,1248431350.0,538459900.0
16.7697,13.6626,24.0902,1789694750.0,1256414950.0,533279800.0
16.8225,13.6457,24.351,1784640150.0,1255046650.0,529593500.0
16.8404,13.6339,24.3992,1787530000.0,1255099575.0,532430425.0
16.7848,13.6367,24.1319,1787100550.0,1251038600.0,536061950.0
16.7778,13.6055,24.2284,1782440850.0,1250151650.0,532289200.0
16.8159,13.6894,24.0915,1790308375.0,1252215275.0,538093100.0
16.7493,13.5941,24.0903,1791746650.0,1253138000.0,538608650.0
16.742,13.6146,24.1159,1788068100.0,1255557500.0,532510600.0
16.7473,13.6106,24.0862,1789264150.0,1253502650.0,535761500.0
16.7369,13.6434,24.118,1787819250.0,1259811600.0,528007650.0
16.8121,13.6868,24.0711,1789162950.0,1250683825.0,538479125.0
16.8279,13.6379,24.2717,1790149550.0,1253123550.0,537026000.0
16.8719,13.6585,24.3191,1792549400.0,1252236300.0,540313100.0
16.8095,13.5909,24.252,1791307800.0,1250518275.0,540789525.0
16.8688,13.708,24.2773,1786577050.0,1252294500.0,534282550.0
16.7982,13.6438,24.2262,1788094575.0,1255103675.0,532990900.0
16.8364,13.6471,24.3118,1788531500.0,1253664775.0,534866725.0
16.7676,13.671,23.9863,1784959175.0,1249126825.0,535832350.0
16.7871,13.6765,24.178,1793529375.0,1262269600.0,531259775.0
16.8106,13.6024,24.1973,1787279600.0,1246088525.0,541191075.0
16.8333,13.7002,24.132,1785955475.0,1249564450.0,536391025.0
16.8275,13.6526,24.249,1788163275.0,1252395850.0,535767425.0
16.7936,13.6218,24.1848,1787912850.0,1251055400.0,536857450.0
16.8108,13.6399,24.1372,1784540525.0,1245483725.0,539056800.0
16.8184,13.6312,24.2804,1781751075.0,1248494900.0,533256175.0
16.8038,13.6214,24.3015,1783724600.0,1252213475.0,531511125.0
16.7943,13.64,24.1844,1793000875.0,1256635775.0,536365100.0
16.8203,13.6709,24.2426,1780956200.0,1250392800.0,530563400.0
16.8097,13.6478,24.2276,1795678525.0,1259021500.0,536657025.0
16.8047,13.6434,24.2494,1790627075.0,1256898650.0,533728425.0
16.7747,13.642,24.163,1781676150.0,1251176675.0,530499475.0
16.8264,13.678,24.1423,1784647000.0,1247704200.0,536942800.0
16.7834,13.6131,24.1969,1789265175.0,1253306975.0,535958200.0
16.7775,13.6518,24.1767,1782577675.0,1253174500.0,529403175.0
16.851,13.6468,24.2867,1792241375.0,1252508625.0,539732750.0
16.8057,13.6306,24.2927,1786966875.0,1254817075.0,532149800.0
16.7698,13.6736,23.9693,1786364225.0,1249150375.0,537213850.0
16.7689,13.6742,24.0064,1787539075.0,1252142725.0,535396350.0
16.762,13.626,24.0358,1793221800.0,1253006575.0,540215225.0
16.8206,13.6882,24.1037,1786750625.0,1249384575.0,537366050.0
16.7963,13.6386,24.2048,1785855950.0,1252147775.0,533708175.0
16.875,13.7122,24.1952,1791064750.0,1250689575.0,540375175.0
16.8001,13.6397,24.1967,1786061625.0,1251376975.0,534684650.0
16.7986,13.6334,24.162,1789627525.0,1251609475.0,538018050.0
16.8174,13.682,24.1979,1788448525.0,1255213525.0,533235000.0
16.7786,13.5918,24.2062,1789942300.0,1252527850.0,537414450.0
16.8387,13.6565,24.2458,1786041975.0,1249318400.0,536723575.0
16.8308,13.6593,24.2758,1786487875.0,1252798950.0,533688925.0
16.7477,13.5988,24.1184,1790070700.0,1254239075.0,535831625.0
16.8156,13.6645,24.1687,1794099875.0,1255893450.0,538206425.0
16.8648,13.6266,24.3817,1784303725.0,1247081275.0,537222450.0
16.8681,13.6717,24.3179,1793245325.0,1254841325.0,538404000.0
16.764,13.6265,24.0924,1786499825.0,1250938825.0,535561000.0
16.8183,13.6856,24.1299,1786648325.0,1250754550.0,535893775.0
16.8281,13.642,24.2681,1791407075.0,1254276700.0,537130375.0
16.8273,13.6925,24.2202,1789357375.0,1256545575.0,532811800.0
16.7775,13.6714,24.1018,1789824500.0,1256817125.0,533007375.0
16.8436,13.6371,24.2887,1785602325.0,1248068475.0,537533850.0
16.7649,13.6113,24.1947,1787732125.0,1255028425.0,532703700.0
16.7996,13.6352,24.1966,1789150425.0,1253091725.0,536058700.0
16.8886,13.665,24.304,1788441700.0,1246550300.0,541891400.0
16.8105,13.6394,24.0964,1790283925.0,1247372700.0,542911225.0
16.744,13.598,24.1243,1788787800.0,1254169925.0,534617875.0
16.8311,13.6994,24.1395,1792595400.0,1254859550.0,537735850.0
16.8381,13.6275,24.2869,1793006775.0,1252961375.0,540045400.0
16.781,13.6318,24.148,1794984625.0,1257452750.0,537531875.0
16.7581,13.6474,24.0869,1788533525.0,1255589525.0,532944000.0
16.8288,13.6706,24.2368,1794569050.0,1258180600.0,536388450.0
16.7994,13.6531,24.117,1788842900.0,1250980275.0,537862625.0
16.843,13.6563,24.2681,1791445075.0,1253471225.0,537973850.0
16.8811,13.6912,24.284,1780422000.0,1244259400.0,536162600.0
16.8051,13.6258,24.1358,1792915425.0,1250564575.0,542350850.0
16.8027,13.6732,24.1331,1786012225.0,1251658700.0,534353525.0
16.7893,13.6489,24.1046,1787478175.0,1250606025.0,536872150.0
16.8038,13.6903,24.0942,1781994775.0,1248710075.0,533284700.0
16.802,13.6604,24.2306,1789621150.0,1257717550.0,531903600.0
16.7165,13.65,23.9178,1795272900.0,1259119700.0,536153200.0
16.7786,13.6223,24.2154,1786447750.0,1254157275.0,532290475.0
16.7574,13.6311,24.0546,1790827975.0,1253703050.0,537124925.0
16.8435,13.6356,24.2828,1794342375.0,1253717975.0,540624400.0
16.7948,13.6178,24.2045,1787464875.0,1251054950.0,536409925.0
16.8021,13.6324,24.2202,1789873175.0,1254049600.0,535823575.0
16.7702,13.6294,24.1401,1791162600.0,1255923400.0,535239200.0
16.8229,13.6505,24.2405,1789254000.0,1253261225.0,535992775.0
16.8729,13.6938,24.2262,1793661950.0,1252256700.0,541405250.0
16.8196,13.6604,24.1564,1786833925.0,1249006950.0,537826975.0
16.8108,13.6515,24.1679,1790675825.0,1252741275.0,537934550.0
16.7756,13.6594,24.144,1789378250.0,1257543300.0,531834950.0
16.7962,13.6538,24.0829,1787369425.0,1248815800.0,538553625.0
16.7736,13.6538,24.0464,1787252525.0,1250731850.0,536520675.0
16.7834,13.6426,24.1603,1789752800.0,1255294125.0,534458675.0
16.7958,13.651,24.1314,1793030925.0,1254998625.0,538032300.0
16.7996,13.6511,24.18,1786619150.0,1252356075.0,534263075.0
16.7809,13.6007,24.2499,1786592750.0,1253058300.0,533534450.0
16.8175,13.675,24.1216,1785317925.0,1248267075.0,537050850.0
16.7826,13.6351,24.1566,1790702150.0,1255018850.0,535683300.0
16.7658,13.6674,24.1012,1785528400.0,1255295775.0,530232625.0
16.7948,13.6038,24.1986,1785940425.0,1248041550.0,537898875.0
16.7971,13.6578,24.1581,1786992675.0,1252743125.0,534249550.0
16.7827,13.6398,24.1074,1785636825.0,1249498025.0,536138800.0
16.8079,13.6603,24.1642,1792116700.0,1255096700.0,537020000.0
16.8214,13.7054,24.0959,1784177675.0,1249121675.0,535056000.0
16.8523,13.7079,24.2613,1788432825.0,1255566925.0,532865900.0
16.7645,13.6289,24.1219,1788682850.0,1254163775.0,534519075.0
16.7833,13.6404,24.1303,1789032950.0,1253025875.0,536007075.0
16.7807,13.6264,24.152,1788965425.0,1252854850.0,536110575.0
16.8266,13.7088,24.0976,1791511600.0,1253844550.0,537667050.0
16.7882,13.6257,24.1353,1790824950.0,1251944450.0,538880500.0
16.7759,13.7032,23.9937,1785017025.0,1252015425.0,533001600.0
16.8274,13.6264,24.184,1791139525.0,1248077225.0,543062300.0
16.7685,13.636,24.0922,1786543225.0,1251326150.0,535217075.0
16.7675,13.6521,24.1054,1785777900.0,1253565225.0,532212675.0
16.8384,13.6864,24.1656,1791007475.0,1252310150.0,538697325.0
16.8069,13.6361,24.2046,1787037200.0,1250881150.0,536156050.0
16.8008,13.6397,24.159,1784795450.0,1248465275.0,536330175.0
16.8446,13.6726,24.2866,1782582050.0,1249857475.0,532724575.0
16.7555,13.6182,24.1286,1790216625.0,1255846950.0,534369675.0
16.696,13.6296,23.9666,1782697050.0,1253878950.0,528818100.0
16.7703,13.6497,24.0877,1788432375.0,1253757700.0,534674675.0
16.7716,13.6349,24.136,1791171450.0,1256141500.0,535029950.0
16.8235,13.6569,24.233,1786530400.0,1251619875.0,534910525.0
16.8386,13.6656,24.2273,1785258175.0,1248920200.0,536337975.0
16.7603,13.6454,24.0677,1787688775.0,1253408725.0,534280050.0
16.7575,13.6375,24.0694,1784441800.0,1250744075.0,533697725.0
16.7486,13.6745,23.954,1786952075.0,1252556800.0,534395275.0
16.7556,13.6582,24.0438,1786038000.0,1253375275.0,532662725.0
16.7619,13.6756,24.0602,1789750700.0,1257837575.0,531913125.0
16.8545,13.6666,24.27,1789024925.0,1251156125.0,537868800.0
16.8012,13.7195,24.0206,1791275500.0,1255386675.0,535888825.0
16.8223,13.6945,24.1259,1787364800.0,1251435875.0,535928925.0
16.8277,13.6519,24.2585,1788513425.0,1252999950.0,535513475.0
16.7328,13.6618,23.9985,1783102150.0,1253360375.0,529741775.0
16.8627,13.6776,24.3004,1791682050.0,1254468300.0,537213750.0
16.8396,13.6703,24.2202,1788284725.0,1251062650.0,537222075.0
16.8581,13.7081,24.2438,1788829600.0,1254008250.0,534821350.0
16.8266,13.6882,24.187,1785186250.0,1251537350.0,533648900.0
16.7658,13.6368,24.0901,1791190000.0,1255021025.0,536168975.0
16.825,13.6837,24.1625,1794727325.0,1256706400.0,538020925.0
16.8123,13.6334,24.2392,1784917975.0,1249920175.0,534997800.0
16.786,13.6322,24.1501,1789876800.0,1253176075.0,536700725.0
16.7525,13.6371,24.0102,1792578600.0,1254202600.0,538376000.0
16.8215,13.6651,24.1922,1792555050.0,1255082825.0,537472225.0
16.7863,13.6628,24.0867,1790411725.0,1253922250.0,536489475.0
16.7775,13.6575,24.1094,1785243425.0,1252328025.0,532915400.0
16.8086,13.6749,24.1185,1795807550.0,1256956075.0,538851475.0
16.7912,13.6317,24.1766,1789535025.0,1253356675.0,536178350.0
16.8796,13.6318,24.3475,1787950800.0,1246033250.0,541917550.0
16.8014,13.6586,24.1674,1786938975.0,1252522975.0,534416000.0
16.7159,13.6144,24.0513,1790903775.0,1258703050.0,532200725.0
16.7979,13.6828,24.0846,1785191625.0,1250577725.0,534613900.0
16.7845,13.6414,24.1149,1780291400.0,1246015075.0,534276325.0
16.8085,13.661,24.1701,1784559050.0,1250084150.0,534474900.0
16.7784,13.6628,24.0411,1786434450.0,1250143375.0,536291075.0
16.8227,13.6565,24.3034,1784837300.0,1254066675.0,530770625.0
16.8136,13.6607,24.1625,1786607550.0,1250226250.0,536381300.0
16.8895,13.6887,24.3618,1788612750.0,1252213200.0,536399550.0
16.7983,13.6268,24.2895,1785253800.0,1254254600.0,530999200.0
16.7436,13.6389,23.979,1785950475.0,1249711375.0,536239100.0
16.828,13.6446,24.243,1792336675.0,1253973650.0,538363025.0
16.7718,13.6235,24.1538,1782656050.0,1249683825.0,532972225.0
16.7953,13.6284,24.2077,1789093300.0,1253521875.0,535571425.0
16.8192,13.638,24.1734,1785806250.0,1246579525.0,539226725.0
16.8398,13.6691,24.1877,1789687275.0,1250214450.0,539472825.0
16.7802,13.6637,24.1178,1795259200.0,1260074975.0,535184225.0
16.8566,13.6805,24.2402,1788861800.0,1250820200.0,538041600.0
16.7763,13.6988,23.9812,1791721225.0,1255461125.0,536260100.0
16.806,13.639,24.1619,1792281150.0,1252870925.0,539410225.0
16.8658,13.6851,24.2713,1789539700.0,1251863075.0,537676625.0
16.8358,13.6966,24.0845,1793494025.0,1251508775.0,541985250.0
16.835,13.6501,24.3279,1788833100.0,1255282150.0,533550950.0
16.805,13.6729,24.1167,1793060500.0,1255313575.0,537746925.0
16.8109,13.6417,24.2464,1785526175.0,1251915150.0,533611025.0
16.825,13.6874,24.212,1789944675.0,1256329200.0,533615475.0
16.8414,13.6798,24.2632,1785984325.0,1252452050.0,533532275.0
16.7947,13.6489,24.1091,1792980625.0,1253766350.0,539214275.0
16.7533,13.6249,24.0951,1792838325.0,1257151725.0,535686600.0
16.812,13.6755,24.1376,1786745825.0,1251078125.0,535667700.0
16.8128,13.6774,24.1614,1794168575.0,1257597075.0,536571500.0
16.7754,13.6286,24.1337,1788298725.0,1252613775.0,535684950.0
16.8264,13.6784,24.1759,1789011225.0,1252524825.0,536486400.0
16.8146,13.6378,24.2135,1791681200.0,1253484550.0,538196650.0
16.808,13.6478,24.1395,1787503750.0,1249088625.0,538415125.0
16.7645,13.6649,24.0266,1782067100.0,1248982925.0,533084175.0
16.7644,13.6115,24.2306,1785498675.0,1255361425.0,530137250.0
16.7831,13.6422,24.0892,1787948700.0,1250396725.0,537551975.0
16.7996,13.6911,24.1027,1790890500.0,1256208925.0,534681575.0
16.7835,13.65,24.1044,1797179350.0,1258511700.0,538667650.0
16.7794,13.6615,24.1112,1789148350.0,1255311425.0,533836925.0
16.7877,13.6549,24.1047,1787477100.0,1251600200.0,535876900.0
16.8019,13.6982,24.0641,1790051700.0,1254075050.0,535976650.0
16.8561,13.696,24.2432,1793022400.0,1255808150.0,537214250.0
16.8194,13.6659,24.1426,1795648400.0,1255156225.0,540492175.0
16.8194,13.6299,24.3074,1784848550.0,1251683975.0,533164575.0
16.7884,13.6467,24.1558,1786462725.0,1252404950.0,534057775.0
16.8566,13.6714,24.2695,1787270750.0,1250128225.0,537142525.0
16.7756,13.6301,24.0542,1793214950.0,1252102800.0,541112150.0
16.807,13.6604,24.1451,1789837600.0,1252675900.0,537161700.0
16.8262,13.6586,24.218,1784064550.0,1248887600.0,535176950.0
16.872,13.6881,24.2727,1789907500.0,1251501775.0,538405725.0
16.8322,13.6617,24.3002,1786092575.0,1253804225.0,532288350.0
16.8488,13.6856,24.1844,1789904750.0,1250620425.0,539284325.0
16.853,13.7074,24.1291,1785667325.0,1246702750.0,538964575.0
16.7961,13.6259,24.1591,1787518725.0,1249527100.0,537991625.0
16.8271,13.6672,24.3077,1790899575.0,1259052250.0,531847325.0
16.8027,13.7072,24.0192,1794013075.0,1255477650.0,538535425.0
16.8124,13.6587,24.1096,1791716875.0,1251051675.0,540665200.0
16.7873,13.6707,24.0339,1787621575.0,1250021550.0,537600025.0
16.8347,13.6603,24.2018,1794955500.0,1254441325.0,540514175.0
16.7921,13.5966,24.2916,1782271825.0,1249751225.0,532520600.0
16.7628,13.6451,24.1103,1789101925.0,1256112900.0,532989025.0
16.7939,13.6315,24.1274,1794823875.0,1254054450.0,540769425.0
16.7989,13.6949,23.9957,1788825050.0,1249791850.0,539033200.0
16.8482,13.6598,24.277,1786300600.0,1249866975.0,536433625.0
16.8673,13.6366,24.401,1791278450.0,1253657625.0,537620825.0
16.7313,13.6617,23.9337,1786291475.0,1252494375.0,533797100.0
16.85,13.6785,24.257,1784578375.0,1249546075.0,535032300.0
16.7851,13.6029,24.2085,1790190125.0,1253047025.0,537143100.0
16.7503,13.6277,24.0699,1798039850.0,1260364225.0,537675625.0
16.8123,13.6289,24.174,1789715975.0,1249429050.0,540286925.0
16.8467,13.6689,24.3239,1781168800.0,1249937575.0,531231225.0
16.8665,13.6439,24.3119,1783394475.0,1244660675.0,538733800.0
16.8742,13.6636,24.3545,1790824875.0,1253018500.0,537806375.0
16.8694,13.6158,24.3898,1796742900.0,1254147050.0,542595850.0
16.8475,13.6539,24.2889,1786693900.0,1250167075.0,536526825.0
